url,label
https://support.apple.com?utm_source=newsletter,0
http://confirm-account.link/validate/banking?action=validate,1
https://developer.atlassian.com/about?view=grid,0
http://xred8u8nozem.ml/wallet?session=472409,1
https://www.twitch.tv/products?view=grid,0
https://xn--w9myyoke.com/apple/login,1
https://support.amazon.com/documentation?page=2,0
http://xn--5ikgeq20.com/coinbase/login,1
http://verify.ssl.facebook.com.dtlvr7mg.xyz/login.html,1
https://docs.amazon.com/products?page=2,0
http://google.com@00lnkku.click/account/security-check,1
https://recover-unlock.online/banking/invoice?action=validate,1
https://blog.ubuntu.com/changelog?lang=en,0
http://google.com@zuxsf3l.click/account/security-check,1
https://blog.microsoft.com/products?query=security+best+practices,0
https://support.paypal.com/privacy?utm_source=newsletter,0
http://242.215.186.216/microsoft/secure/verify.php?token=e07s387j,1
http://bankofamerica.com@1tozhdv.top/account/security-check,1
http://paypal.com@uv0gyub.fit/account/security-check,1
http://login-security-alert.gq/?action=validate,1
https://login.ssl.amazon.com.fi0n6dgg.cf/login.html,1
https://wallet-billing.tk/airdrop?action=validate,1
https://blog.wikipedia.org/features?sort=asc,0
http://paypal.com@rbta3k3.rest/account/security-check,1
https://www.shopify.com/docs?ref=homepage,0
https://8vhmewcjn6ocjpz.online/banking?session=173985,1
http://recover-invoice.ml/validate/support?action=validate,1
http://portal-verify-67.online/auth/recover,1
https://api.shopify.com/resources/whitepaper?query=security+best+practices,0
http://google.com@ksqnal6.rest/account/security-check,1
http://55.153.3.194/amazon/banking/verify.php?token=twbj9uu2,1
https://invoice-bonus.cf/login?action=validate,1
http://bankofamerica.com@q09jrna.fit/account/security-check,1
http://uefz1c25xnofg7.ga/validate?session=290436,1
https://support.developer.mozilla.org/documentation?view=grid,0
https://www.bankofamerica.com/explore?filter=all,0
http://e9oe9419qzpniqfg5.ml/signin?session=948799,1
https://cloudflare.com/products?ref=homepage,0
https://docs.dropbox.com?sort=asc,0
https://docs.bbc.com/news/latest-release?sort=asc,0
http://account.auth.bankofamerica.com.gv3z6bz8.site/login.html,1
http://xn--vxoieves.xyz/microsoft/login,1
http://verify.ssl.metamask.com.hv3a3zmf.icu/login.html,1
http://login.portal.microsoft.com.ixgsplti.cam/login.html,1
https://www.reddit.com/support/help-center?utm_source=newsletter,0
http://gnnv9ibwgt2lb25.club/airdrop?session=612743,1
https://docs.kubernetes.io/downloads?filter=all,0
https://yzxfuj7xn1yp.live/account?session=560282,1
http://meta-support-ticket.top/verify/index.php?client_id=3076&redirect=auth,1
http://password-support.rest/?action=validate,1
http://paypal.com@feffh8a.click/account/security-check,1
http://d0wpj8yi340sqcnf9w5n.tk/auth?session=767671,1
http://xn--4caqkdm0.net/netflix/login,1
https://docs.reddit.com/explore?view=grid,0
https://www.google.com/changelog?lang=en,0
http://portal-verify-78.top/auth/recover,1
https://notion.so/products?sort=asc,0
https://docs.x.com/support/help-center,0
http://google.com@zeeqnsn.club/account/security-check,1
http://161.55.68.170/google/account/verify.php?token=itfoyqbk,1
http://w24wjt8hdpwvb.online/verify?session=699569,1
http://bankofamerica.com@1fb2vi1.click/account/security-check,1
https://blog.stripe.com/changelog?view=grid,0
https://api.developer.mozilla.org/features?lang=en,0
https://blog.nytimes.com/downloads?query=security+best+practices,0
http://paypal.com@d085i4r.click/account/security-check,1
http://google.com@u9mjyg4.club/account/security-check,1
http://google.com@cfkjnaw.rest/account/security-check,1
https://api.kubernetes.io/news/latest-release?ref=homepage,0
https://www.cloudflare.com/products?sort=asc,0
https://www.notion.so/products,0
https://cloudflare.com/pricing?sort=asc,0
http://paypal.com@rv239mo.cf/account/security-check,1
https://docs.ubuntu.com/resources/whitepaper?ref=homepage,0
https://developer.nytimes.com/api/v1/status?filter=all,0
http://99.36.108.52/metamask/claim/verify.php?token=i9tanzr2,1
https://blog.paypal.com/resources/whitepaper?sort=asc,0
https://www.kernel.org/api/v1/status,0
https://support.bbc.com/contact?ref=homepage,0
https://support.developer.mozilla.org/contact,0
https://api.kernel.org/resources/whitepaper?page=2,0
http://91.58.191.224/amazon/unlock/verify.php?token=2ljk4q5v,1
https://docs.wikipedia.org/api/v1/status?filter=all,0
https://api.shopify.com/downloads,0
https://portal-update-23.buzz/auth/recover,1
https://developer.apple.com/features?filter=all,0
https://docker.com/blog/2026/how-to-secure-api?lang=en,0
https://docs.salesforce.com/documentation?page=2,0
http://portal-update-46.work/auth/recover,1
https://blog.bbc.com/news/latest-release?view=grid,0
https://www.nytimes.com/resources/whitepaper?view=grid,0
http://account.portal.bankofamerica.com.22iniwc5.xyz/login.html,1
http://100.224.119.172/google/recover/verify.php?token=qx6qd077,1
https://www.paypal.com/features?ref=homepage,0
https://api.github.com/docs?ref=homepage,0
http://update.session.chase.com.l0ijkcu5.top/login.html,1
https://zw9xa3kx7eedtjvzhwjr.top/verify?session=765095,1
http://portal-secure-63.top/auth/recover,1
http://1.13.99.113/facebook/unlock/verify.php?token=85rntdr5,1
http://portal-verify-14.xyz/auth/recover,1
https://docs.mit.edu/careers?filter=all,0
https://www.amazon.com/api/v1/status?ref=homepage,0
http://bankofamerica.com@a5uofwb.club/account/security-check,1
https://developer.kernel.org?lang=en,0
https://support.dropbox.com/api/v1/status?view=grid,0
https://developer.reddit.com/terms?filter=all,0
https://support.kubernetes.io/downloads?page=2,0
http://nthzm32hzs32d1jqbexgf.site/auth?session=490366,1
https://harvard.edu/pricing?ref=homepage,0
http://244.198.161.127/chase/airdrop/verify.php?token=1q7uww5w,1
http://196.238.113.98/bankofamerica/validate/verify.php?token=bfh024kw,1
https://blog.kernel.org/products?page=2,0
https://blog.w3schools.com/explore?lang=en,0
https://support.atlassian.com/careers?ref=homepage,0
https://api.google.com/products?query=security+best+practices,0
http://paypal.com@abtd5oa.buzz/account/security-check,1
https://portal-update-96.cam/auth/recover,1
https://developer.mozilla.org/careers,0
https://account.ssl.microsoft.com.z3a8v4x7.top/login.html,1
https://docs.kernel.org/tutorials/python-guide?lang=en,0
https://portal-verify-18.su/auth/recover,1
https://blog.notion.so/explore?filter=all,0
https://developer.slack.com/careers?view=grid,0
http://chase.com@a8jx54p.ml/account/security-check,1
http://portal-verify-52.buzz/auth/recover,1
https://xn--apkianou.net/apple/login,1
http://update.portal.binance.com.e1u24zqf.ga/login.html,1
http://cotohp6vz41nam1.click/bonus?session=883826,1
http://appleid-support.ga/confirm/index.php?client_id=3827&redirect=auth,1
https://blog.github.com/docs?page=2,0
http://xn--xhglg4p0.com/metamask/login,1
https://blog.ubuntu.com/blog/2026/how-to-secure-api?ref=homepage,0
https://support.wikipedia.org/docs?page=2,0
http://chase.com@94h4kft.tk/account/security-check,1
http://portal-secure-97.xyz/auth/recover,1
https://blog.docker.com/news/latest-release,0
http://verify.session.paypal.com.tvg9ku8s.top/login.html,1
http://183.250.148.161/google/security-alert/verify.php?token=qmrunjdu,1
http://login.auth.metamask.com.9s9vs1qe.work/login.html,1
http://e7450j4a8ywy5.xyz/unlock?session=772101,1
https://login.session.apple.com.jlpefjaw.club/login.html,1
http://paypal.com@vbd4bep.ml/account/security-check,1
http://222.210.167.98/amazon/billing/verify.php?token=xnecrysa,1
https://support.linkedin.com/docs?page=2,0
http://73.155.55.135/apple/verification/verify.php?token=uz83yuxy,1
https://developer.stripe.com/about?filter=all,0
https://spotify.com/api/v1/status?utm_source=newsletter,0
https://developer.harvard.edu/documentation,0
https://blog.slack.com/documentation?utm_source=newsletter,0
https://stackoverflow.com/documentation?filter=all,0
http://02w29aw4ioar.fit/banking?session=759253,1
https://python.org/contact?sort=asc,0
http://177.81.229.237/paypal/unlock/verify.php?token=dzsgu4w8,1
http://2k20tvdji1oa.gq/account?session=507374,1
http://56fkps0dxme4p.click/login?session=357232,1
https://docs.nytimes.com/features?query=security+best+practices,0
https://api.shopify.com/documentation?filter=all,0
https://reddit.com/contact?page=2,0
http://google.com@0rlexdw.gq/account/security-check,1
https://zoom.us/resources/whitepaper?page=2,0
http://portal-secure-43.cf/auth/recover,1
https://blog.developer.mozilla.org/terms?lang=en,0
https://account.session.binance.com.dkejp5k7.cc/login.html,1
https://validate-airdrop.club/support?action=validate,1
https://developer.ubuntu.com/careers?query=security+best+practices,0
https://www.twitch.tv/privacy?page=2,0
http://xn--tidzs13h.com/apple/login,1
https://portal-secure-47.ml/auth/recover,1
http://secure.auth.apple.com.ezf0zpbd.site/login.html,1
http://chase.com@5syj3d6.icu/account/security-check,1
https://docs.stanford.edu/docs?page=2,0
http://amz-order.club/claim/auth.html?client_id=8303&redirect=auth,1
http://coinbase-claim.com/unlock/session?client_id=4380&redirect=auth,1
https://support.google.com/about?lang=en,0
https://support.zoom.us/blog/2026/how-to-secure-api?ref=homepage,0
https://blog.youtube.com/tutorials/python-guide?query=security+best+practices,0
https://support.youtube.com/about?page=2,0
http://goog1e.su/validate/session?client_id=4727&redirect=auth,1
http://xn--fio878iy.com/apple/login,1
https://docs.chase.com/resources/whitepaper?lang=en,0
http://xn--39ayq6ww.com/metamask/login,1
http://58.114.212.11/apple/bonus/verify.php?token=f9aizh5p,1
http://portal-secure-57.site/auth/recover,1
https://docs.salesforce.com/changelog?ref=homepage,0
http://google.com@kjeitkx.cam/account/security-check,1
http://portal-verify-95.ml/auth/recover,1
https://support.stripe.com/changelog?ref=homepage,0
http://claim-login.link/invoice/auth?action=validate,1
https://docs.twitch.tv/terms?filter=all,0
https://docs.cnn.com/api/v1/status?view=grid,0
http://xn--bnxzu1em.xyz/google/login,1
https://validate-banking.gq/?action=validate,1
http://portal-verify-77.cam/auth/recover,1
https://cnn.com/docs,0
http://228.157.23.63/chase/billing/verify.php?token=08cw2lbm,1
https://portal-update-87.click/auth/recover,1
http://16.216.96.67/metamask/claim/verify.php?token=mbxek0q9,1
https://support.kernel.org/api/v1/status?ref=homepage,0
http://portal-secure-94.ml/auth/recover,1
https://micros0ft.live/password/confirm?client_id=3804&redirect=auth,1
https://api.cnn.com/careers?lang=en,0
http://g983ep9p9w4j66cnolj.live/login?session=924758,1
http://chase.com@zutrutl.live/account/security-check,1
http://update.ssl.amazon.com.yi0pt2da.top/login.html,1
https://portal-secure-86.site/auth/recover,1
https://support.salesforce.com/careers?sort=asc,0
http://portal-verify-20.site/auth/recover,1
http://verify.portal.metamask.com.stn7e36h.online/login.html,1
https://developer.paypal.com/support/help-center?sort=asc,0
http://43.102.27.25/google/security-alert/verify.php?token=tao1cjfx,1
https://account.auth.amazon.com.jvoegi3q.online/login.html,1
http://30.14.230.10/coinbase/confirm/verify.php?token=itj5zooh,1
https://www.quora.com/docs?lang=en,0
https://api.github.com/downloads?sort=asc,0
http://252.232.95.91/apple/auth/verify.php?token=pcivi052,1
https://blog.stackoverflow.com/tutorials/python-guide?sort=asc,0
https://developer.kernel.org/api/v1/status,0
https://mit.edu/features?query=security+best+practices,0
http://secure.portal.chase.com.kl8cgn0t.tk/login.html,1
https://developer.dropbox.com/docs?view=grid,0
https://www.twitch.tv/features,0
https://www.paypal.com/products?query=security+best+practices,0
https://api.twitter.com/privacy?lang=en,0
https://developer.ubuntu.com/careers?view=grid,0
https://support.microsoft.com/tutorials/python-guide?sort=asc,0
https://developer.cnn.com/news/latest-release?view=grid,0
https://api.github.com/resources/whitepaper?view=grid,0
https://amazon.com/explore?query=security+best+practices,0
http://l1offkhdiu1jt.work/support?session=122913,1
https://www.apache.org/careers?view=grid,0
http://signin-support.rest/validate?action=validate,1
https://api.gitlab.com/resources/whitepaper?page=2,0
https://developer.github.com/tutorials/python-guide?view=grid,0
http://qlbuxdj1dek8g9xib86k.online/password?session=246648,1
https://developer.x.com/products?query=security+best+practices,0
https://docs.twitch.tv/changelog?filter=all,0
https://developer.notion.so/features?ref=homepage,0
https://login.portal.coinbase.com.fwr0ui1j.work/login.html,1
https://support.shopify.com/features?sort=asc,0
https://developer.mozilla.org/privacy?ref=homepage,0
https://docs.twitter.com/api/v1/status?view=grid,0
https://api.ubuntu.com/terms?view=grid,0
https://nv6cj9io3m25a5piskffv3.top/secure?session=534753,1
https://docs.reddit.com/terms?lang=en,0
https://6z1t2xcb3yym33mg1zaq.gq/password?session=109818,1
http://portal-update-31.site/auth/recover,1
http://amz-order.club/suspended/index.php?client_id=5644&redirect=auth,1
https://api.zoom.us/docs,0
https://developer.bbc.com/pricing?lang=en,0
http://jqqnvceqfgas0r.click/suspended?session=878246,1
http://google.com@uz1egnt.top/account/security-check,1
http://xn--s8gk0eey.xyz/apple/login,1
https://www.apple.com/tutorials/python-guide?page=2,0
https://developer.bankofamerica.com/documentation?view=grid,0
https://secure.ssl.metamask.com.w8sj84tc.top/login.html,1
http://airdrop-bonus.gq/?action=validate,1
http://32uy84zz2p6eeam.fit/update?session=956727,1
https://support.apple.com/contact,0
https://support.cnn.com/terms?filter=all,0
https://developer.salesforce.com?filter=all,0
https://api.slack.com/features?page=2,0
http://portal-verify-51.work/auth/recover,1
https://blog.harvard.edu/privacy,0
http://chase-secure-update.gq/unlock/index.php?client_id=5055&redirect=auth,1
http://xn--r6h2hxn4.com/metamask/login,1
https://support.python.org/explore?lang=en,0
http://portal-verify-66.ga/auth/recover,1
https://support.zoom.us/resources/whitepaper?filter=all,0
https://www.slack.com/documentation?page=2,0
https://developer.nytimes.com/changelog?query=security+best+practices,0
http://5rgoi9wm1sav9cng8t.xyz/auth?session=503443,1
http://portal-update-49.ml/auth/recover,1
https://youtube.com/careers?filter=all,0
https://apple.com/blog/2026/how-to-secure-api?page=2,0
http://chase.com@sxvwvm4.cc/account/security-check,1
http://xn--n2ojgfhz.xyz/chase/login,1
http://251.26.195.163/facebook/verification/verify.php?token=py6b2knf,1
https://developer.zoom.us/tutorials/python-guide?query=security+best+practices,0
https://docs.apache.org/tutorials/python-guide?view=grid,0
http://215.153.223.41/paypal/update/verify.php?token=nccu3fg0,1
https://blog.netflix.com/api/v1/status?view=grid,0
https://www.stanford.edu/downloads?sort=asc,0
https://api.spotify.com/blog/2026/how-to-secure-api?lang=en,0
http://chase.com@5bwikot.top/account/security-check,1
https://blog.kernel.org/privacy?filter=all,0
https://portal-update-14.gq/auth/recover,1
http://a3y5t37szpf9s9.ga/banking?session=519852,1
https://unlock-login.gq/account/wallet?action=validate,1
http://xn--8kk791zy.net/netflix/login,1
https://www.developer.mozilla.org/tutorials/python-guide?filter=all,0
https://blog.kubernetes.io/products?sort=asc,0
http://portal-update-39.club/auth/recover,1
https://a35qbb3xmdkrlc0y0bhf0r.buzz/validate?session=770740,1
https://www.python.org/docs?page=2,0
http://nqwhocpy8udqddaqj.link/validate?session=656673,1
https://support.cloudflare.com/news/latest-release?view=grid,0
https://developer.twitch.tv/pricing?filter=all,0
https://www.paypal.com/documentation?utm_source=newsletter,0
http://secure.ssl.binance.com.0lzigikq.su/login.html,1
https://developer.netflix.com/products,0
https://support.kernel.org/news/latest-release?ref=homepage,0
https://cloudflare.com/blog/2026/how-to-secure-api?ref=homepage,0
https://api.quora.com/docs,0
https://support.spotify.com/privacy?view=grid,0
https://support.youtube.com/contact?ref=homepage,0
http://a6d9er94tevwl.link/confirm?session=234425,1
http://signin-account.link/?action=validate,1
http://3uxh9a1g7irdlk9en7dl.xyz/verify?session=582589,1
http://portal-verify-50.xyz/auth/recover,1
http://41izxtnsrtwlxdsc4e5hr.ml/signin?session=698749,1
https://www.medium.com/pricing?utm_source=newsletter,0
https://support.mit.edu/tutorials/python-guide?ref=homepage,0
https://xn--k2iagl58.net/netflix/login,1
https://cloudflare.com/downloads?ref=homepage,0
http://airdrop-validate.click/support?action=validate,1
http://xn--o4z533zs.net/bankofamerica/login,1
https://api.twitter.com/blog/2026/how-to-secure-api?query=security+best+practices,0
http://xn--h5k2y77z.net/google/login,1
https://update.session.binance.com.xz6ytipa.rest/login.html,1
https://paypal.com/news/latest-release,0
https://docs.chase.com/privacy?utm_source=newsletter,0
https://wallet-banking.club/invoice?action=validate,1
https://developer.medium.com/features?ref=homepage,0
http://chase.com@u1rsujt.fit/account/security-check,1
https://developer.paypal.com/privacy,0
http://portal-update-60.su/auth/recover,1
http://metamask-seed-phrase.club/unlock/session?client_id=1711&redirect=auth,1
https://xn--3vwmjdim.com/netflix/login,1
https://api.twitch.tv/explore?sort=asc,0
https://www.developer.mozilla.org/careers?sort=asc,0
https://7n1ybwmlunj48vfcx.fit/wallet?session=787923,1
https://www.ubuntu.com/privacy?utm_source=newsletter,0
http://verification-validate.xyz/update?action=validate,1
http://google.com@hef0vot.link/account/security-check,1
https://api.kernel.org/news/latest-release?page=2,0
https://api.github.com/downloads?filter=all,0
https://docs.reddit.com/terms?filter=all,0
https://account.session.coinbase.com.9k9xjuy0.top/login.html,1
http://xn--tz5tv6g8.net/microsoft/login,1
https://developer.twitch.tv/documentation?ref=homepage,0
https://zmz2k1ko6xnqxu71sel8mw.rest/verify?session=147111,1
http://suspended-support.live/verification?action=validate,1
https://xn--u7zkut6o.net/microsoft/login,1
https://twitter.com/careers?query=security+best+practices,0
http://2.40.197.169/amazon/secure/verify.php?token=qnn6tj9x,1
https://docs.cnn.com/about,0
https://bank-america-secure.cam/verification/confirm?client_id=9119&redirect=auth,1
https://docs.stripe.com/resources/whitepaper?query=security+best+practices,0
https://www.x.com/privacy?page=2,0
https://developer.quora.com/tutorials/python-guide?sort=asc,0
http://google.com@hyapdsw.ga/account/security-check,1
https://support.bbc.com/about?utm_source=newsletter,0
https://docs.microsoft.com/api/v1/status?page=2,0
http://slcb8qsspye9r1f63a.buzz/update?session=321449,1
https://icloud-find.site/unlock/confirm?client_id=9534&redirect=auth,1
http://xn--ipzim6cf.net/facebook/login,1
https://blog.w3schools.com/docs?page=2,0
https://blog.bankofamerica.com/products?page=2,0
http://update-auth.online/support/secure?action=validate,1
https://cloudflare.com/about?sort=asc,0
http://xn--8stzqbfu.com/coinbase/login,1
http://verify-invoice.tk/?action=validate,1
https://appl-id.buzz/verification/auth.html?client_id=3736&redirect=auth,1
https://api.docker.com/privacy?ref=homepage,0
http://tmh6k1wxywwstio1k7.cf/account?session=519487,1
http://ffqot8hljefy3.cc/signin?session=325465,1
http://chase.com@t2pnjka.ga/account/security-check,1
https://developer.apple.com/terms?lang=en,0
http://portal-verify-41.tk/auth/recover,1
http://portal-secure-62.online/auth/recover,1
https://blog.wikipedia.org/news/latest-release?filter=all,0
https://zoom.us/support/help-center?utm_source=newsletter,0
https://docs.ubuntu.com,0
https://validate-signin.ga/verify/banking?action=validate,1
http://xn--6zx1tv18.net/chase/login,1
https://developer.stackoverflow.com/blog/2026/how-to-secure-api,0
https://docs.mit.edu/downloads?sort=asc,0
http://xn--xjg2y8rg.xyz/paypal/login,1
https://portal-update-70.ml/auth/recover,1
https://api.docker.com?lang=en,0
https://blog.reddit.com/privacy?utm_source=newsletter,0
http://account-verify.su/claim?action=validate,1
https://docs.google.com/downloads?lang=en,0
https://portal-secure-39.gq/auth/recover,1
http://xn--t8fhu91c.net/bankofamerica/login,1
http://112.41.117.1/facebook/confirm/verify.php?token=81sdw4sh,1
http://179.243.12.62/microsoft/confirm/verify.php?token=5txc066o,1
http://recover-unlock.click/billing?action=validate,1
https://docs.stackoverflow.com/contact?view=grid,0
https://support.medium.com/downloads?lang=en,0
http://fn9xuy41ibljh75.icu/banking?session=787277,1
https://xn--f5a7qy8y.com/google/login,1
https://support.developer.mozilla.org/terms?utm_source=newsletter,0
https://azhzknl2luhhs4di.icu/security-alert?session=856300,1
http://154.32.198.207/netflix/auth/verify.php?token=30307hdh,1
https://api.w3schools.com/api/v1/status?page=2,0
http://update.ssl.paypal.com.sz9hpcpb.ml/login.html,1
https://developer.shopify.com/tutorials/python-guide?query=security+best+practices,0
https://api.developer.mozilla.org/downloads?ref=homepage,0
https://docs.twitch.tv/features?sort=asc,0
https://blog.apple.com?query=security+best+practices,0
http://verify.ssl.coinbase.com.1wudcbl4.tk/login.html,1
https://blog.kernel.org/tutorials/python-guide,0
http://chase.com@9i71a57.ml/account/security-check,1
https://www.gitlab.com/features?sort=asc,0
https://login.session.chase.com.dyt9moge.live/login.html,1
http://xn--nyy95g5d.net/microsoft/login,1
http://xn--6fx7xjz6.xyz/paypal/login,1
https://docs.gitlab.com/explore?filter=all,0
https://api.youtube.com/documentation?sort=asc,0
https://support.mozilla.org/pricing?sort=asc,0
https://docs.chase.com/about?ref=homepage,0
https://www.spotify.com/documentation?utm_source=newsletter,0
http://bankofamerica.com@crgb93w.work/account/security-check,1
https://account-password.club/verification/support?action=validate,1
http://metamask-seed-phrase.live/login/auth.html?client_id=9489&redirect=auth,1
https://developer.x.com/news/latest-release?view=grid,0
https://developer.twitch.tv/tutorials/python-guide?lang=en,0
https://api.medium.com/explore?filter=all,0
https://api.microsoft.com/docs?utm_source=newsletter,0
http://wjm2c8qizk3c9xb.rest/suspended?session=495490,1
https://support.harvard.edu/resources/whitepaper?filter=all,0
http://167.225.197.142/facebook/banking/verify.php?token=p5o3o0ll,1
http://google.com@rezrdyx.top/account/security-check,1
https://mit.edu/terms?ref=homepage,0
https://www.ubuntu.com/careers?filter=all,0
https://www.docker.com/api/v1/status?ref=homepage,0
http://account.ssl.google.com.l7dypmlv.xyz/login.html,1
https://api.stripe.com/documentation?sort=asc,0
https://developer.spotify.com/about?view=grid,0
https://docs.bbc.com/products?utm_source=newsletter,0
https://docs.stanford.edu/documentation?query=security+best+practices,0
https://mozilla.org/pricing?filter=all,0
http://chase.com@rwvtkh8.work/account/security-check,1
http://171.149.158.38/netflix/validate/verify.php?token=9700lfqf,1
https://auth-update.top/?action=validate,1
http://xn--5rc6zs62.xyz/coinbase/login,1
https://support.salesforce.com?utm_source=newsletter,0
https://support.github.com/about?utm_source=newsletter,0
https://xn--viifrchy.net/bankofamerica/login,1
https://developer.python.org/news/latest-release?lang=en,0
https://pbmqiyfrwskp6rfe64skbc.top/claim?session=212860,1
https://api.netflix.com/downloads?utm_source=newsletter,0
https://blog.github.com/changelog?lang=en,0
https://api.github.com/news/latest-release?query=security+best+practices,0
https://support.notion.so/terms,0
https://developer.linkedin.com/news/latest-release?sort=asc,0
https://blog.ubuntu.com/documentation,0
https://auth-unlock.click/suspended/password?action=validate,1
http://xn--ec2jwjj0.xyz/microsoft/login,1
http://bnz8v12ii826gyup12s.click/account?session=956572,1
http://amazon-delivery-update.gq/secure/confirm?client_id=7243&redirect=auth,1
http://bankofamerica.com@8a5fbuo.online/account/security-check,1
https://blog.mit.edu?utm_source=newsletter,0
https://support.kubernetes.io/blog/2026/how-to-secure-api?page=2,0
http://125.209.18.251/binance/update/verify.php?token=ertj5pht,1
https://microsoft.com/features?ref=homepage,0
https://developer.stripe.com/about?sort=asc,0
https://api.stackoverflow.com/careers?ref=homepage,0
http://portal-update-86.gq/auth/recover,1
https://support.amazon.com/documentation?utm_source=newsletter,0
https://support.gitlab.com/documentation,0
http://xn--q5l2xoio.xyz/paypal/login,1
https://support.microsoft.com/news/latest-release?page=2,0
https://blog.notion.so/documentation?ref=homepage,0
http://xn--qupo4jnm.xyz/bankofamerica/login,1
https://reddit.com/about?view=grid,0
https://account.session.paypal.com.q9e5cozr.click/login.html,1
https://developer.kernel.org/contact?query=security+best+practices,0
https://s95zow60zz0i0835tvv.cf/validate?session=900808,1
https://coinbase-claim.top/login/index.php?client_id=8022&redirect=auth,1
https://quora.com/documentation?ref=homepage,0
https://developer.python.org/privacy?view=grid,0
https://suspended-verification.work/?action=validate,1
https://password-security-alert.gq/?action=validate,1
http://portal-update-20.work/auth/recover,1
http://t3g2qzw3c1qkbhb7s.online/security-alert?session=365618,1
http://micros0ft.work/support/confirm?client_id=3222&redirect=auth,1
https://www.dropbox.com/resources/whitepaper?view=grid,0
http://247.193.202.106/paypal/confirm/verify.php?token=5e5iz31y,1
https://developer.w3schools.com/support/help-center?lang=en,0
https://developer.spotify.com/contact?filter=all,0
https://xn--04hhe7ic.com/facebook/login,1
http://account-security-alert.site/verify/login?action=validate,1
https://cloudflare.com/changelog?utm_source=newsletter,0
https://blog.notion.so/products,0
http://xn--1gaz5uh8.xyz/chase/login,1
https://support-verification.link/confirm/airdrop?action=validate,1
https://developer.apache.org/news/latest-release?filter=all,0
http://2bc2nnuvy8n1utoxie0rnu.cam/confirm?session=838237,1
https://www.ubuntu.com/changelog?ref=homepage,0
http://apple-id.cc/invoice/index.php?client_id=7697&redirect=auth,1
http://bonus-airdrop.rest/wallet/signin?action=validate,1
https://developer.quora.com/privacy?page=2,0
https://docs.mit.edu/explore?view=grid,0
http://paypal.com@x35a806.top/account/security-check,1
http://chase.com@70chqi0.work/account/security-check,1
https://account.portal.binance.com.nqt3wved.fit/login.html,1
http://217.68.195.212/coinbase/verification/verify.php?token=znxfirjl,1
https://api.youtube.com/about,0
http://xn--qgkcumcz.net/amazon/login,1
https://zoom.us/changelog?ref=homepage,0
http://billing-unlock.ga/account/invoice?action=validate,1
https://api.spotify.com/api/v1/status?ref=homepage,0
http://update.ssl.netflix.com.lg6mm1zx.cam/login.html,1
http://airdrop-billing.ga/account?action=validate,1
http://chase-security.com/security-alert/session?client_id=4842&redirect=auth,1
http://secure.auth.netflix.com.jepecqnv.live/login.html,1
https://l9aryeavedhr3pceo934t3.top/password?session=790130,1
http://metamask-wallet-claim.cam/login/auth.html?client_id=5477&redirect=auth,1
https://support.wikipedia.org/tutorials/python-guide?query=security+best+practices,0
http://nlpaih0p4e05qmktgv44f.online/banking?session=376021,1
https://blog.microsoft.com/products?ref=homepage,0
https://zoom.us/changelog?utm_source=newsletter,0
https://blog.wikipedia.org?query=security+best+practices,0
http://153.9.115.154/metamask/support/verify.php?token=5ibpt11f,1
http://xn--ygnmby49.com/chase/login,1
https://developer.twitter.com/about?query=security+best+practices,0
https://xn--j7dpfssb.net/netflix/login,1
http://196.143.167.202/microsoft/wallet/verify.php?token=uq4s2ftg,1
https://support.youtube.com/changelog?view=grid,0
https://www.kubernetes.io/explore?view=grid,0
http://207.215.27.23/metamask/login/verify.php?token=wor17dpu,1
https://developer.shopify.com/products?sort=asc,0
https://blog.kernel.org/terms,0
http://bankofamerica.com@uwtn5pe.live/account/security-check,1
https://developer.spotify.com/products?utm_source=newsletter,0
https://portal-secure-43.work/auth/recover,1
https://www.microsoft.com/explore,0
http://paypal.com@8oldc08.cf/account/security-check,1
https://verify.ssl.chase.com.g5vmf60y.work/login.html,1
https://www.gitlab.com/resources/whitepaper?sort=asc,0
https://password-billing.ml/update/claim?action=validate,1
https://blog.salesforce.com/changelog?ref=homepage,0
https://developer.nytimes.com/privacy?lang=en,0
https://salesforce.com/docs?view=grid,0
https://support.chase.com/explore?lang=en,0
http://unlock-security-alert.site/?action=validate,1
https://o32tc4t3x1hx.ml/account?session=728204,1
http://xb4y4k7bpgyv.cc/airdrop?session=925551,1
https://developer.apple.com/features?view=grid,0
https://password-invoice.icu/?action=validate,1
https://blog.microsoft.com/products?utm_source=newsletter,0
https://secure.session.metamask.com.qh5t2d8v.ga/login.html,1
http://xn--f0a5zdke.net/facebook/login,1
https://portal-secure-86.cc/auth/recover,1
https://www.reddit.com/pricing?sort=asc,0
https://portal-update-34.ga/auth/recover,1
https://account.session.microsoft.com.zqvs9j6l.fit/login.html,1
https://developer.twitter.com/products?lang=en,0
https://xn--xonbnpjd.net/coinbase/login,1
http://bvpdcb4owo52wqqpwdx.top/login?session=576133,1
https://linkedin.com/downloads?page=2,0
http://paypall.tk/support/session?client_id=6778&redirect=auth,1
https://blog.mit.edu/news/latest-release?utm_source=newsletter,0
http://portal-verify-93.work/auth/recover,1
https://apple.com/news/latest-release?filter=all,0
http://xn--jhsg04aj.net/google/login,1
https://developer.google.com/downloads?ref=homepage,0
https://xn--yyv37dia.xyz/netflix/login,1
https://docs.notion.so/downloads?query=security+best+practices,0
https://developer.mozilla.org/support/help-center?utm_source=newsletter,0
https://mozilla.org?lang=en,0
https://support.twitch.tv/features,0
https://rk7d30mm2smd.live/auth?session=170437,1
http://1hsltdkvuff12.cf/invoice?session=794776,1
https://login.portal.netflix.com.hmhvl66s.xyz/login.html,1
https://support.apple.com/pricing,0
https://developer.cloudflare.com/terms?sort=asc,0
http://xn--mw04i3dz.xyz/bankofamerica/login,1
http://airdrop-account.work/suspended/wallet?action=validate,1
https://developer.slack.com/features?sort=asc,0
https://developer.w3schools.com/api/v1/status?page=2,0
https://www.mit.edu/careers?sort=asc,0
http://bankofamerica.com@spf0r8u.top/account/security-check,1
https://docs.medium.com/news/latest-release?filter=all,0
https://developer.paypal.com/resources/whitepaper,0
https://developer.kubernetes.io/terms?sort=asc,0
https://www.zoom.us,0
https://account.ssl.apple.com.rny20479.online/login.html,1
https://api.stackoverflow.com/news/latest-release?page=2,0
https://medium.com/downloads?page=2,0
http://portal-update-44.icu/auth/recover,1
http://chase.com@vdp6ors.fit/account/security-check,1
https://blog.apache.org?view=grid,0
https://apple.com/terms?page=2,0
https://www.paypal.com/pricing,0
http://ic1oud-verify.link/validate/index.php?client_id=3711&redirect=auth,1
http://chase.com@sxmvtfq.cc/account/security-check,1
https://www.docker.com/pricing,0
https://support.amazon.com/features?lang=en,0
http://chase.com@yrj8gos.ml/account/security-check,1
http://google.com@ecy2c11.top/account/security-check,1
https://auth-account.gq/verification?action=validate,1
https://blog.chase.com/changelog,0
https://support.mozilla.org?page=2,0
http://confirm-account.icu/security-alert/wallet?action=validate,1
https://xn--bswrpbje.net/chase/login,1
https://api.nytimes.com/explore?ref=homepage,0
https://www.bbc.com/terms,0
http://62.120.32.69/chase/secure/verify.php?token=fb85p863,1
http://131.170.248.216/netflix/bonus/verify.php?token=xvkdc9x5,1
https://developer.stackoverflow.com/api/v1/status?sort=asc,0
https://www.kernel.org/support/help-center?page=2,0
http://account-confirm.ga/security-alert?action=validate,1
http://acy15pdtz91x70fqldb2.online/verify?session=702891,1
http://236.245.97.164/google/confirm/verify.php?token=5y6q8sjy,1
http://portal-update-14.icu/auth/recover,1
http://xn--7u8h0imj.xyz/bankofamerica/login,1
https://portal-verify-57.xyz/auth/recover,1
http://64.94.37.62/chase/banking/verify.php?token=2bc9r4x1,1
http://xn--gbgqfqe6.net/paypal/login,1
https://support.atlassian.com/changelog?sort=asc,0
http://update.session.amazon.com.pseimvih.tk/login.html,1
https://blog.spotify.com/features?lang=en,0
http://14m2ja04ux5qrl1n.icu/banking?session=831380,1
https://developer.w3schools.com/docs?page=2,0
https://blog.developer.mozilla.org/explore?filter=all,0
https://support.zoom.us?filter=all,0
https://xn--gefqjg02.xyz/metamask/login,1
https://developer.python.org/changelog?utm_source=newsletter,0
https://support.slack.com/explore?view=grid,0
http://portal-verify-99.click/auth/recover,1
http://bankofamerica.com@3w563bt.cam/account/security-check,1
https://docs.zoom.us/privacy?lang=en,0
https://support.reddit.com/documentation?query=security+best+practices,0
https://api.netflix.com/tutorials/python-guide,0
http://xn--mvifiit2.xyz/paypal/login,1
https://docs.twitter.com/products?utm_source=newsletter,0
https://update.ssl.bankofamerica.com.wpaytxw1.site/login.html,1
https://www.zoom.us/api/v1/status?filter=all,0
https://docs.apache.org/features?filter=all,0
https://www.github.com/documentation?sort=asc,0
https://xn--1i2hgj11.xyz/microsoft/login,1
https://docs.slack.com/tutorials/python-guide?sort=asc,0
http://chase.com@cij2v2h.ml/account/security-check,1
http://paypal-security.org/verification/session?client_id=4873&redirect=auth,1
https://apache.org/documentation,0
http://xn--xze1hm38.net/binance/login,1
https://developer.x.com/downloads?view=grid,0
http://account.ssl.google.com.907if2go.cf/login.html,1
http://xn--fgsxw71q.xyz/coinbase/login,1
https://docs.atlassian.com/resources/whitepaper?view=grid,0
http://xn--5t0ic0ra.xyz/paypal/login,1
https://netf1ix.online/signin/index.php?client_id=8734&redirect=auth,1
https://api.microsoft.com/support/help-center?page=2,0
https://blog.nytimes.com/explore?page=2,0
https://developer.microsoft.com/api/v1/status?filter=all,0
https://www.medium.com/changelog?utm_source=newsletter,0
https://www.developer.mozilla.org/resources/whitepaper?utm_source=newsletter,0
http://login.session.metamask.com.jckt1elo.site/login.html,1
http://bofa-update.top/wallet/session?client_id=1082&redirect=auth,1
https://docs.stanford.edu/explore?query=security+best+practices,0
https://docs.atlassian.com/support/help-center?ref=homepage,0
https://billing-verification.xyz/?action=validate,1
https://support.mit.edu/pricing?sort=asc,0
http://aws-verify-alert.cam/account/confirm?client_id=8581&redirect=auth,1
http://83.45.4.103/metamask/auth/verify.php?token=ahhxkwb5,1
https://support.github.com/support/help-center?utm_source=newsletter,0
https://api.chase.com/docs?lang=en,0
http://secure.session.google.com.fzw0ldal.fit/login.html,1
http://claim-security-alert.tk/?action=validate,1
https://support.twitter.com/resources/whitepaper?filter=all,0
https://secure.session.chase.com.ogps0132.xyz/login.html,1
http://xn--vndfdw79.xyz/paypal/login,1
http://xn--mgpp1noq.xyz/microsoft/login,1
http://xn--mf5l9mo1.xyz/binance/login,1
https://support.wikipedia.org/careers?ref=homepage,0
https://www.paypal.com/changelog?filter=all,0
http://xn--t26q3xlr.com/paypal/login,1
http://paypal.com@n8nd7g0.work/account/security-check,1
http://qht2xz52ohkbm00e9k.tk/claim?session=678589,1
https://developer.nytimes.com/products?query=security+best+practices,0
https://docs.dropbox.com/changelog?ref=homepage,0
http://meta-support-ticket.buzz/support/session?client_id=6113&redirect=auth,1
http://chase-secure-update.online/verify/session?client_id=2103&redirect=auth,1
https://developer.medium.com?utm_source=newsletter,0
https://cloudflare.com/explore?filter=all,0
https://chase-security.cam/unlock/index.php?client_id=3033&redirect=auth,1
https://api.kubernetes.io/about?utm_source=newsletter,0
http://portal-secure-57.cf/auth/recover,1
https://id3dnkn35xycu.cc/billing?session=272088,1
http://167.98.188.238/bankofamerica/banking/verify.php?token=kovtrpyx,1
http://xn--18qqvaec.xyz/apple/login,1
https://docs.salesforce.com/docs?utm_source=newsletter,0
http://34.97.169.196/metamask/airdrop/verify.php?token=2gdgkxcq,1
https://portal-update-93.ga/auth/recover,1
https://developer.twitch.tv/pricing?page=2,0
https://support.shopify.com/changelog,0
https://www.twitter.com/privacy?query=security+best+practices,0
http://paypal.com@ubf99u2.cc/account/security-check,1
https://developer.twitter.com/privacy?query=security+best+practices,0
http://amaz0n.top/verify/confirm?client_id=7132&redirect=auth,1
https://xn--gh2m5zja.com/google/login,1
https://www.amazon.com/tutorials/python-guide?page=2,0
http://wallet-account.online/?action=validate,1
https://portal-verify-28.ga/auth/recover,1
http://2.87.243.240/facebook/airdrop/verify.php?token=jsw5pqb5,1
https://api.kernel.org/careers?filter=all,0
http://login-confirm.top/?action=validate,1
http://secure.ssl.microsoft.com.ywwimt85.buzz/login.html,1
http://paypal.com@jrnj622.ga/account/security-check,1
https://api.github.com/api/v1/status?ref=homepage,0
https://stackoverflow.com/explore?utm_source=newsletter,0
http://xn--si2g74iz.com/paypal/login,1
http://207.199.39.7/coinbase/suspended/verify.php?token=r5bfycw8,1
http://paypal.com@n7zrwqe.xyz/account/security-check,1
https://docs.w3schools.com/changelog,0
https://support.x.com/downloads?utm_source=newsletter,0
https://www.github.com/contact?ref=homepage,0
https://support.kubernetes.io/features?view=grid,0
https://blog.twitter.com/features?query=security+best+practices,0
http://account.portal.chase.com.tvf51z58.top/login.html,1
https://docs.amazon.com/blog/2026/how-to-secure-api?view=grid,0
http://xn--2o8zi9vc.com/metamask/login,1
https://cnn.com/api/v1/status,0
http://appleid-support.top/suspended/index.php?client_id=8620&redirect=auth,1
https://developer.google.com/docs,0
http://ggsnpuevjlzff.icu/invoice?session=153325,1
http://xn--l69vsyxb.com/apple/login,1
https://blog.dropbox.com,0
http://portal-secure-81.tk/auth/recover,1
https://support.quora.com/blog/2026/how-to-secure-api?sort=asc,0
https://docs.wikipedia.org/api/v1/status?lang=en,0
http://200.103.91.172/bankofamerica/suspended/verify.php?token=vs0cdk36,1
https://kernel.org/careers?query=security+best+practices,0
https://paypal.com/contact?sort=asc,0
https://api.mozilla.org/products?query=security+best+practices,0
https://tedqmvqwpqo2lngi.su/verify?session=476536,1
https://developer.cloudflare.com/products?view=grid,0
https://w3schools.com/support/help-center,0
https://nytimes.com/docs?query=security+best+practices,0
https://www.dropbox.com/docs?sort=asc,0
http://portal-verify-98.gq/auth/recover,1
https://developer.docker.com/explore?ref=homepage,0
https://www.kubernetes.io/tutorials/python-guide?sort=asc,0
http://portal-verify-26.cam/auth/recover,1
https://support.spotify.com/docs?lang=en,0
https://blog.amazon.com/about?page=2,0
https://netflix-renewal.link/invoice/auth.html?client_id=6639&redirect=auth,1
https://binance-wallet-claim.site/unlock/session?client_id=3497&redirect=auth,1
http://51.129.248.118/binance/support/verify.php?token=aitmofmm,1
https://docs.nytimes.com/changelog?lang=en,0
http://xvl5pvyiomk2ev5s4t.icu/support?session=872610,1
https://portal-secure-90.live/auth/recover,1
http://bankofamerica.com@gve4ztj.work/account/security-check,1
https://docs.microsoft.com/terms?query=security+best+practices,0
http://bankofamerica.com@pnmjqy3.rest/account/security-check,1
http://confirm-wallet.ml/secure?action=validate,1
https://blog.netflix.com/careers?lang=en,0
https://developer.docker.com/contact,0
http://chase.com@a7tz0yn.tk/account/security-check,1
http://bankofamerica.com@v1a0q24.top/account/security-check,1
http://security-alert-support.su/login/unlock?action=validate,1
http://bankofamerica.com@8c7x0h3.cam/account/security-check,1
http://ms-verify.ml/validate/index.php?client_id=9182&redirect=auth,1
http://xn--9k6re4q6.net/google/login,1
https://chase-secure-update.top/wallet/confirm?client_id=1653&redirect=auth,1
http://aofc9lgytlcqfmuiw7j.click/airdrop?session=864750,1
https://api.gitlab.com/privacy?utm_source=newsletter,0
https://developer.dropbox.com,0
https://api.mit.edu/pricing?utm_source=newsletter,0
https://www.twitter.com/documentation?view=grid,0
https://microsoft.com/api/v1/status?ref=homepage,0
https://support.spotify.com/about?query=security+best+practices,0
http://billing-account.gq/suspended?action=validate,1
http://xn--o9x49tmy.net/bankofamerica/login,1
https://account-signin.cc/support?action=validate,1
https://portal-secure-99.link/auth/recover,1
https://support.apple.com/blog/2026/how-to-secure-api?filter=all,0
https://www.apache.org/news/latest-release?filter=all,0
http://xn--ujoqw5ds.net/facebook/login,1
https://support.gitlab.com/products?sort=asc,0
https://api.zoom.us/resources/whitepaper?view=grid,0
https://developer.linkedin.com/explore,0
https://confirm-bonus.top/airdrop?action=validate,1
https://oz2rcu8kd9gnlp.click/invoice?session=932046,1
https://security-alert-login.link/verify?action=validate,1
http://bankofamerica.com@ssrkxlc.ml/account/security-check,1
https://developer.w3schools.com/products,0
http://paypal.com@safyh1f.work/account/security-check,1
http://verify.auth.amazon.com.p61xufct.ml/login.html,1
https://account.auth.amazon.com.zsilu3nd.click/login.html,1
https://www.slack.com/blog/2026/how-to-secure-api?ref=homepage,0
https://www.wikipedia.org/privacy?lang=en,0
https://developer.nytimes.com/explore?sort=asc,0
https://support-verify.tk/airdrop/password?action=validate,1
https://affz8q4vhu4bawz940.cc/bonus?session=404899,1
https://blog.quora.com/careers?lang=en,0
https://developer.kernel.org/products?ref=homepage,0
http://portal-update-41.tk/auth/recover,1
https://qnsvsojrpp7r93f.ga/security-alert?session=845695,1
https://portal-verify-48.site/auth/recover,1
http://verify.ssl.facebook.com.j7yktxg4.xyz/login.html,1
https://blog.kernel.org/features?ref=homepage,0
https://www.amazon.com/contact?ref=homepage,0
http://portal-secure-50.rest/auth/recover,1
https://apache.org/pricing?ref=homepage,0
https://developer.netflix.com/explore?filter=all,0
http://portal-verify-46.top/auth/recover,1
http://qu7eeqtul1p36p6qf5q1.su/confirm?session=903013,1
http://bankofamerica.com@gsic43o.icu/account/security-check,1
https://api.cloudflare.com/features?lang=en,0
https://support.developer.mozilla.org?sort=asc,0
http://xn--rgrewds0.com/paypal/login,1
http://update.ssl.coinbase.com.sdygflij.buzz/login.html,1
http://google.com@yrddp0n.ga/account/security-check,1
http://appl-id.cam/update/index.php?client_id=1153&redirect=auth,1
https://blog.wikipedia.org/explore?filter=all,0
https://api.youtube.com/resources/whitepaper?sort=asc,0
http://bofa-update.top/update/session?client_id=9156&redirect=auth,1
http://77.127.88.13/coinbase/claim/verify.php?token=6u4pllgf,1
http://fpzue8yfbntpbn78.top/recover?session=320281,1
https://developer.slack.com/careers,0
http://ng2igsb98v341onx0gu.fit/signin?session=773459,1
https://developer.linkedin.com/api/v1/status?query=security+best+practices,0
https://secure.auth.metamask.com.tvv2y4xk.club/login.html,1
https://goog1e.cc/wallet/auth.html?client_id=9391&redirect=auth,1
https://www.nytimes.com/resources/whitepaper,0
http://218.115.174.172/google/claim/verify.php?token=orvscyoz,1
https://www.wikipedia.org/downloads?view=grid,0
https://support.kernel.org/blog/2026/how-to-secure-api?lang=en,0
https://support.amazon.com/docs?filter=all,0
https://developer.bbc.com/changelog?query=security+best+practices,0
http://portal-verify-29.ga/auth/recover,1
https://docs.harvard.edu/downloads?page=2,0
http://167.139.215.4/google/secure/verify.php?token=frhocn9j,1
http://validate-verification.club/auth/unlock?action=validate,1
https://xn--yahulwjt.com/amazon/login,1
http://203.216.50.232/coinbase/update/verify.php?token=wjp0qi2c,1
http://verification-login.cc/?action=validate,1
https://w3schools.com/support/help-center?ref=homepage,0
http://811mzwncnpir7nzbxf.cc/password?session=814149,1
https://docs.x.com/tutorials/python-guide?utm_source=newsletter,0
https://blog.ubuntu.com/terms?query=security+best+practices,0
https://shopify.com/changelog?utm_source=newsletter,0
https://mit.edu/changelog?utm_source=newsletter,0
https://developer.mozilla.org/news/latest-release?sort=asc,0
https://validate-auth.buzz/?action=validate,1
http://4pyzr6qceouuylaja.gq/airdrop?session=176577,1
https://api.harvard.edu/docs,0
https://e8qjnv8z2flu7u6n7hv3iz.work/validate?session=729577,1
http://231.182.126.193/apple/confirm/verify.php?token=mylqjjbf,1
https://developer.stanford.edu/pricing?view=grid,0
http://portal-verify-71.ml/auth/recover,1
https://support.developer.mozilla.org/news/latest-release?view=grid,0
https://q2wdizhw0vqpvtru.icu/auth?session=435169,1
http://login.session.chase.com.afgovcci.su/login.html,1
https://ygcmr8esmpf0ieokvg.rest/support?session=933958,1
https://support.microsoft.com/api/v1/status?lang=en,0
https://amazon.com/privacy?sort=asc,0
http://xn--2086okwo.com/apple/login,1
http://update-claim.work/?action=validate,1
https://portal-secure-69.top/auth/recover,1
https://portal-verify-55.online/auth/recover,1
https://docs.mozilla.org/docs?view=grid,0
https://developer.paypal.com/products,0
https://blog.harvard.edu/docs?sort=asc,0
https://portal-verify-71.ga/auth/recover,1
https://slack.com/explore?utm_source=newsletter,0
http://bankofamerica.com@dqnk20i.fit/account/security-check,1
http://portal-update-89.buzz/auth/recover,1
https://docs.kubernetes.io/terms,0
http://netf1ix.top/airdrop/confirm?client_id=9238&redirect=auth,1
http://214.40.128.239/facebook/wallet/verify.php?token=sj49itn7,1
http://bankofamerica.com@r0i2fkx.su/account/security-check,1
https://developer.twitter.com/products?view=grid,0
https://api.python.org/terms?view=grid,0
https://blog.wikipedia.org/about?query=security+best+practices,0
http://chase.com@i7b03ra.cf/account/security-check,1
http://59.26.61.189/bankofamerica/banking/verify.php?token=nhqr6f7q,1
https://docs.amazon.com/documentation?filter=all,0
https://developer.netflix.com/resources/whitepaper,0
https://blog.mozilla.org/terms?ref=homepage,0
http://login.auth.bankofamerica.com.siwg0odw.fit/login.html,1
http://xn--x6pryiej.com/coinbase/login,1
http://k94yxfiblejgublmntfk.xyz/suspended?session=623676,1
http://faceb00k.top/bonus/session?client_id=6573&redirect=auth,1
https://docs.netflix.com/privacy?lang=en,0
https://www.harvard.edu/contact?utm_source=newsletter,0
https://chase-security.tk/suspended/confirm?client_id=2213&redirect=auth,1
http://login.ssl.amazon.com.ddwvb853.gq/login.html,1
https://developer.wikipedia.org/blog/2026/how-to-secure-api?lang=en,0
http://verify.ssl.metamask.com.i22kx7n8.top/login.html,1
http://support-verify.online/bonus?action=validate,1
http://airdrop-unlock.su/confirm?action=validate,1
https://youtube.com/documentation,0
https://api.youtube.com/terms?filter=all,0
https://support.nytimes.com/docs?query=security+best+practices,0
http://netflix-billing-update.buzz/signin/auth.html?client_id=2290&redirect=auth,1
http://login.ssl.facebook.com.ivtq3md4.click/login.html,1
https://api.google.com/contact?query=security+best+practices,0
https://developer.twitch.tv/documentation?query=security+best+practices,0
https://support-billing.buzz/security-alert/airdrop?action=validate,1
https://xn--iua08ekx.com/paypal/login,1
http://bonus-signin.icu/verify?action=validate,1
http://114.170.109.125/coinbase/password/verify.php?token=ohsmdyvs,1
https://api.w3schools.com/privacy?utm_source=newsletter,0
http://suspended-verify.su/login/unlock?action=validate,1
https://blog.spotify.com?filter=all,0
http://24.170.168.83/binance/airdrop/verify.php?token=utothlqh,1
https://developer.ubuntu.com/tutorials/python-guide?query=security+best+practices,0
https://api.developer.mozilla.org/documentation?utm_source=newsletter,0
https://recover-password.link/wallet/verification?action=validate,1
http://google.com@3d5iqvn.xyz/account/security-check,1
http://eb8753ayeqaht.gq/bonus?session=648684,1
http://billing-validate.site/banking?action=validate,1
https://shopify.com/products?utm_source=newsletter,0
https://developer.harvard.edu/docs?sort=asc,0
https://google.com/privacy?page=2,0
http://portal-secure-81.rest/auth/recover,1
https://support.w3schools.com/pricing?page=2,0
http://wallet-claim.tk/billing?action=validate,1
https://developer.amazon.com/documentation?page=2,0
https://docs.mozilla.org/contact?ref=homepage,0
https://developer.docker.com/changelog?query=security+best+practices,0
https://docs.twitch.tv/contact?lang=en,0
https://api.wikipedia.org/careers?lang=en,0
https://api.harvard.edu/blog/2026/how-to-secure-api?page=2,0
https://developer.apple.com/pricing?page=2,0
http://account.session.paypal.com.ditmownx.su/login.html,1
https://kubernetes.io/pricing?view=grid,0
https://blog.apache.org/support/help-center?lang=en,0
https://docs.developer.mozilla.org/tutorials/python-guide?sort=asc,0
http://chase-security.rest/suspended/auth.html?client_id=8040&redirect=auth,1
http://chase.com@j4ufzdy.online/account/security-check,1
http://support-secure.fit/?action=validate,1
http://chasebank-alert.fit/login/session?client_id=5965&redirect=auth,1
http://paypal.com@gok01tn.rest/account/security-check,1
https://docs.apache.org/explore?sort=asc,0
https://login-claim.top/airdrop?action=validate,1
https://cloudflare.com/support/help-center?sort=asc,0
https://amazon.com/downloads?page=2,0
https://docs.dropbox.com/resources/whitepaper?sort=asc,0
https://support.chase.com/api/v1/status?filter=all,0
http://portal-verify-98.su/auth/recover,1
https://python.org?sort=asc,0
http://login.auth.amazon.com.9jpdmn1s.su/login.html,1
https://www.zoom.us/docs?utm_source=newsletter,0
https://blog.stripe.com/contact,0
http://7587h91el88l12.live/suspended?session=273373,1
http://update.portal.google.com.gn51nsgz.club/login.html,1
http://verify.session.paypal.com.q8croyr6.tk/login.html,1
https://developer.cnn.com/news/latest-release?page=2,0
http://paypal.com@0y8jwvh.live/account/security-check,1
https://zoom.us/downloads?query=security+best+practices,0
https://docs.w3schools.com/changelog?sort=asc,0
https://api.microsoft.com/blog/2026/how-to-secure-api?view=grid,0
https://claim-airdrop.cam/?action=validate,1
https://spotify.com/explore?sort=asc,0
http://binance-wallet-claim.icu/validate/index.php?client_id=7730&redirect=auth,1
https://xn--y08p0fod.net/coinbase/login,1
https://www.paypal.com/api/v1/status?page=2,0
https://portal-update-89.top/auth/recover,1
https://docs.kernel.org/careers?view=grid,0
https://developer.ubuntu.com/privacy?filter=all,0
https://docs.quora.com/careers?utm_source=newsletter,0
http://update.session.google.com.xebb9eit.rest/login.html,1
https://blog.docker.com/news/latest-release?view=grid,0
http://172.109.131.93/paypal/recover/verify.php?token=l8m1g9fk,1
https://docs.nytimes.com/explore?lang=en,0
http://google.com@kq00u68.icu/account/security-check,1
http://appleid-support.top/account/auth.html?client_id=8310&redirect=auth,1
http://chase.com@itngvn1.work/account/security-check,1
https://docs.x.com/tutorials/python-guide?ref=homepage,0
https://api.microsoft.com/contact?utm_source=newsletter,0
https://blog.mit.edu/resources/whitepaper?query=security+best+practices,0
http://ujs75eltfebe.cam/recover?session=550977,1
https://developer.atlassian.com/features?ref=homepage,0
http://xn--vqt3g8cd.xyz/bankofamerica/login,1
https://docs.mit.edu/careers?page=2,0
https://airdrop-recover.ml/?action=validate,1
https://support.wikipedia.org/tutorials/python-guide?ref=homepage,0
http://portal-update-25.club/auth/recover,1
http://xn--ctm09hzb.com/bankofamerica/login,1
https://wallet-confirm.buzz/unlock/claim?action=validate,1
https://blog.salesforce.com/careers?view=grid,0
https://support.bankofamerica.com/docs,0
https://developer.quora.com/news/latest-release?lang=en,0
https://wikipedia.org/support/help-center?page=2,0
http://35.237.137.163/facebook/security-alert/verify.php?token=dy571vxn,1
https://blog.reddit.com/documentation?query=security+best+practices,0
http://metamask-recovery.live/bonus/session?client_id=7389&redirect=auth,1
https://www.atlassian.com/privacy?filter=all,0
http://amazon-delivery-update.rest/wallet/session?client_id=8558&redirect=auth,1
http://coinbase-auth-verify.com/update/session?client_id=1744&redirect=auth,1
https://developer.apple.com/contact?view=grid,0
http://portal-verify-51.cf/auth/recover,1
http://bankofamerica.com@6146vey.su/account/security-check,1
http://google.com@ghwzkag.cc/account/security-check,1
https://api.nytimes.com/changelog?lang=en,0
https://support.microsoft.com/pricing?query=security+best+practices,0
https://www.chase.com?query=security+best+practices,0
http://xn--esgbm65q.xyz/amazon/login,1
http://outlook-security.work/verify/auth.html?client_id=2940&redirect=auth,1
https://docs.stanford.edu/tutorials/python-guide?view=grid,0
https://www.salesforce.com/blog/2026/how-to-secure-api,0
https://developer.cnn.com/changelog?lang=en,0
http://update.session.coinbase.com.m642pw5u.ga/login.html,1
https://docs.microsoft.com/features?filter=all,0
https://docs.chase.com/blog/2026/how-to-secure-api?page=2,0
http://paypal.com@kh2vlpy.club/account/security-check,1
http://validate-unlock.su/verify?action=validate,1
https://mit.edu/about,0
http://suspended-wallet.club/verification/banking?action=validate,1
https://xn--rdoqivbk.xyz/metamask/login,1
https://support.mit.edu/careers?page=2,0
http://portal-secure-98.link/auth/recover,1
https://support.amazon.com/features?ref=homepage,0
https://api.nytimes.com/news/latest-release?page=2,0
https://harvard.edu?sort=asc,0
https://portal-secure-53.online/auth/recover,1
https://docs.reddit.com/docs?lang=en,0
https://unlock-confirm.top/wallet/banking?action=validate,1
https://api.medium.com/products?query=security+best+practices,0
http://bankofamerica.com@xo9zjcu.xyz/account/security-check,1
http://portal-secure-34.buzz/auth/recover,1
https://blog.docker.com/features?filter=all,0
http://xn--nrmtn29t.net/metamask/login,1
http://verify.auth.facebook.com.r5l8a78e.link/login.html,1
https://docs.python.org/terms?view=grid,0
https://portal-verify-50.ga/auth/recover,1
http://cfhqcw76xatoazt.work/login?session=626611,1
https://blog.nytimes.com/products?view=grid,0
https://docs.microsoft.com/tutorials/python-guide?sort=asc,0
https://www.google.com?query=security+best+practices,0
http://micros0ft.cc/security-alert/index.php?client_id=1156&redirect=auth,1
https://support.notion.so/support/help-center?page=2,0
https://f8wxkk2abkvblpxajmk4x1.ga/verify?session=847841,1
https://api.paypal.com/pricing?filter=all,0
https://blog.microsoft.com/pricing?page=2,0
https://bofa-update.icu/update/confirm?client_id=6311&redirect=auth,1
http://100.244.185.239/metamask/wallet/verify.php?token=47quusfn,1
https://www.stackoverflow.com/about?query=security+best+practices,0
https://gn74f9yecazrp9.tk/update?session=773440,1
https://ms-verify.link/account/auth.html?client_id=7410&redirect=auth,1
http://paypal.com@84utdd2.ml/account/security-check,1
http://secure-suspended.link/unlock/bonus?action=validate,1
https://blog.dropbox.com/support/help-center?utm_source=newsletter,0
http://xn--sz1n3iuz.com/paypal/login,1
https://blog.netflix.com/news/latest-release?view=grid,0
https://support.mozilla.org/blog/2026/how-to-secure-api?query=security+best+practices,0
http://220.121.244.32/netflix/password/verify.php?token=o3z0anik,1
https://login-signin.su/billing/account?action=validate,1
http://238.245.253.113/coinbase/security-alert/verify.php?token=y55p1v3z,1
https://metamask-recovery.com/auth/confirm?client_id=6935&redirect=auth,1
https://www.docker.com/careers?lang=en,0
http://xn--t05uirod.xyz/bankofamerica/login,1
http://account-signin.work/suspended/billing?action=validate,1
https://www.medium.com/news/latest-release,0
https://microsoft.com/about?sort=asc,0
https://api.google.com/features?ref=homepage,0
https://bnhl1n13jcat9m.su/verify?session=919182,1
http://airdrop-signin.rest/bonus?action=validate,1
http://secure.auth.microsoft.com.t53ykyyd.site/login.html,1
https://v84a1x7ov6sgp3j.work/claim?session=659102,1
https://developer.google.com/docs?lang=en,0
https://coinbase-support.cf/airdrop/confirm?client_id=2490&redirect=auth,1
https://www.netflix.com/about?ref=homepage,0
https://support.microsoft.com/api/v1/status?query=security+best+practices,0
https://support.quora.com/tutorials/python-guide?filter=all,0
https://api.mit.edu?view=grid,0
https://developer.mit.edu/blog/2026/how-to-secure-api?lang=en,0
http://37.73.68.230/microsoft/verify/verify.php?token=c46hd2or,1
https://p3nipar0zj7ubbrnu8c0.club/confirm?session=587521,1
https://chase.com/pricing,0
https://68j0nmeoq4yrp5ge0.cf/verification?session=536236,1
https://developer.ubuntu.com/blog/2026/how-to-secure-api,0
http://netflix-billing-update.gq/unlock/session?client_id=6477&redirect=auth,1
https://developer.microsoft.com/api/v1/status?ref=homepage,0
http://wallet-verify.online/?action=validate,1
https://api.chase.com/docs?ref=homepage,0
https://75rh8lx6dut076g5g79or7.work/signin?session=109717,1
https://developer.stanford.edu/documentation,0
https://support.ubuntu.com/downloads?query=security+best+practices,0
https://xn--wjxlbwq8.xyz/coinbase/login,1
http://xn--4kz36u8u.com/bankofamerica/login,1
https://developer.twitch.tv/tutorials/python-guide?sort=asc,0
https://docs.salesforce.com/contact?ref=homepage,0
https://blog.spotify.com/pricing?view=grid,0
https://blog.github.com/contact,0
http://metamask-seed-phrase.top/verification/confirm?client_id=6989&redirect=auth,1
http://156.38.17.33/amazon/invoice/verify.php?token=wtl9tqvd,1
https://developer.apple.com/careers?utm_source=newsletter,0
http://login-recover.cf/secure/confirm?action=validate,1
http://xub0gz1vhhgy8nnkl3e.link/billing?session=578148,1
https://www.netflix.com/downloads?filter=all,0
https://login.session.microsoft.com.8d2vfhzp.live/login.html,1
https://developer.ubuntu.com?query=security+best+practices,0
http://147.199.205.89/microsoft/confirm/verify.php?token=07ol93ac,1
http://bankofamerica.com@c79flv1.su/account/security-check,1
http://157.97.200.41/paypal/security-alert/verify.php?token=ca7zvky2,1
http://xn--bw2zlaoi.com/chase/login,1
https://blog.shopify.com/about?sort=asc,0
http://portal-secure-80.top/auth/recover,1
http://bankofamerica.com@3ta195e.live/account/security-check,1
http://google.com@ovakhej.icu/account/security-check,1
https://developer.chase.com/blog/2026/how-to-secure-api?page=2,0
https://www.atlassian.com/blog/2026/how-to-secure-api?utm_source=newsletter,0
https://developer.mozilla.org/downloads?sort=asc,0
http://20.186.186.26/amazon/billing/verify.php?token=i9kqdgbk,1
https://password-signin.online/account?action=validate,1
https://auth-invoice.work/validate?action=validate,1
http://verify-support.ga/?action=validate,1
http://claim-banking.link/update/validate?action=validate,1
https://portal-verify-13.online/auth/recover,1
https://www.salesforce.com/pricing?filter=all,0
https://docs.apache.org/docs?lang=en,0
https://api.harvard.edu/privacy?lang=en,0
https://support.ubuntu.com/pricing?filter=all,0
https://www.medium.com/changelog?view=grid,0
https://docs.stripe.com/contact?query=security+best+practices,0
https://blog.x.com/features?page=2,0
https://blog.ubuntu.com/news/latest-release?view=grid,0
https://spotify.com/changelog?filter=all,0
https://www.apple.com/tutorials/python-guide?lang=en,0
https://developer.kernel.org/features?filter=all,0
https://api.developer.mozilla.org/documentation?page=2,0
https://blog.zoom.us/blog/2026/how-to-secure-api?sort=asc,0
http://apple-id.xyz/invoice/auth.html?client_id=4908&redirect=auth,1
https://spotify.com/privacy?utm_source=newsletter,0
https://blog.chase.com/resources/whitepaper?ref=homepage,0
https://blog.salesforce.com/docs,0
https://account.portal.netflix.com.v16xeghp.icu/login.html,1
https://paypall.top/recover/confirm?client_id=4569&redirect=auth,1
http://chase.com@w9zyn6s.cam/account/security-check,1
http://245.159.139.148/paypal/airdrop/verify.php?token=s1saxt8j,1
http://portal-secure-37.site/auth/recover,1
http://xn--nq0y4io9.net/apple/login,1
https://account.session.amazon.com.11u645vd.top/login.html,1
http://update.portal.apple.com.5urtxuyu.tk/login.html,1
http://portal-update-30.top/auth/recover,1
http://paypal.com@amd270s.online/account/security-check,1
https://api.w3schools.com/documentation?lang=en,0
https://update.session.bankofamerica.com.fll7v5f1.top/login.html,1
https://developer.microsoft.com/api/v1/status?query=security+best+practices,0
http://chase.com@m42o34o.cf/account/security-check,1
https://developer.dropbox.com/careers?page=2,0
https://developer.kubernetes.io/features?utm_source=newsletter,0
https://blog.apache.org/api/v1/status?sort=asc,0
http://19.130.185.181/facebook/unlock/verify.php?token=a0t7dvo3,1
http://account.auth.netflix.com.2elalq26.online/login.html,1
https://www.zoom.us/products?utm_source=newsletter,0
https://support.mozilla.org?view=grid,0
https://portal-update-93.fit/auth/recover,1
https://x.com/about?sort=asc,0
http://verify.session.coinbase.com.oczdq7jb.icu/login.html,1
http://paypal.com@ixwc4rt.su/account/security-check,1
https://api.kernel.org/privacy?utm_source=newsletter,0
https://portal-secure-13.icu/auth/recover,1
https://api.twitch.tv/api/v1/status?query=security+best+practices,0
https://www.wikipedia.org/features?ref=homepage,0
https://blog.stackoverflow.com/resources/whitepaper?filter=all,0
http://chase.com@j5d5e3h.site/account/security-check,1
http://171.72.37.25/apple/bonus/verify.php?token=41a68t2a,1
https://support.gitlab.com/careers?lang=en,0
http://80.239.12.176/coinbase/verify/verify.php?token=l6d10a1w,1
https://docs.wikipedia.org/pricing?sort=asc,0
https://xn--afs4h6ss.com/metamask/login,1
http://35.164.210.101/google/airdrop/verify.php?token=up8ijl2z,1
https://docs.dropbox.com/tutorials/python-guide?lang=en,0
https://blog.docker.com/changelog?page=2,0
https://metamask-recovery.ml/suspended/index.php?client_id=2410&redirect=auth,1
https://api.github.com/contact?query=security+best+practices,0
https://api.stripe.com/terms,0
https://docs.microsoft.com/contact?view=grid,0
https://api.stripe.com/documentation?page=2,0
https://blog.twitter.com/docs?ref=homepage,0
https://developer.paypal.com/documentation?page=2,0
https://account.portal.apple.com.74d0gjyv.tk/login.html,1
https://portal-secure-41.work/auth/recover,1
http://bankofamerica.com@lquh50o.live/account/security-check,1
https://www.x.com/explore?view=grid,0
http://xn--xmcthphj.net/netflix/login,1
https://www.twitch.tv/news/latest-release?query=security+best+practices,0
https://blog.paypal.com/docs?lang=en,0
https://developer.shopify.com/blog/2026/how-to-secure-api?sort=asc,0
https://www.paypal.com/docs?sort=asc,0
https://blog.slack.com/explore?lang=en,0
https://support.spotify.com/api/v1/status?view=grid,0
http://portal-verify-36.rest/auth/recover,1
https://wikipedia.org/blog/2026/how-to-secure-api?view=grid,0
https://bofa-onlineauth.rest/auth/index.php?client_id=9001&redirect=auth,1
https://www.developer.mozilla.org/products?page=2,0
https://notion.so/support/help-center?query=security+best+practices,0
https://kfhb7v80lkx1s9xka4l.buzz/banking?session=665509,1
https://mit.edu/products,0
https://portal-update-41.ml/auth/recover,1
https://docker.com/explore?view=grid,0
http://google.com@p7kb7iy.rest/account/security-check,1
https://blog.mozilla.org/careers?utm_source=newsletter,0
http://fb-security-alert.ml/wallet/index.php?client_id=4854&redirect=auth,1
https://paypal-security.online/banking/confirm?client_id=7941&redirect=auth,1
https://docs.notion.so/tutorials/python-guide?view=grid,0
https://xn--p422ta83.net/google/login,1
http://chase.com@ek17m6j.link/account/security-check,1
http://amaz0n.org/account/confirm?client_id=9502&redirect=auth,1
http://portal-secure-12.cam/auth/recover,1
https://developer.zoom.us?query=security+best+practices,0
http://binance-airdrop.org/password/confirm?client_id=2941&redirect=auth,1
https://www.stackoverflow.com/careers?filter=all,0
http://2emayb3pvarkc.click/secure?session=747614,1
https://kubernetes.io/downloads?view=grid,0
https://api.cloudflare.com/news/latest-release?utm_source=newsletter,0
https://support.twitch.tv/resources/whitepaper?ref=homepage,0
http://suspended-unlock.gq/bonus?action=validate,1
https://portal-secure-98.fit/auth/recover,1
http://bankofamerica.com@p49cd3i.link/account/security-check,1
http://account.auth.paypal.com.84rpu9gg.club/login.html,1
http://paypal.com@biviss8.cam/account/security-check,1
http://58.13.212.3/microsoft/verification/verify.php?token=950id033,1
http://92.223.231.3/microsoft/unlock/verify.php?token=rm6gmft1,1
https://support.kubernetes.io/docs?ref=homepage,0
http://bankofamerica.com@ink4fk8.cc/account/security-check,1
https://www.twitch.tv/docs?filter=all,0
http://portal-secure-17.click/auth/recover,1
http://chase.com@yluyhet.work/account/security-check,1
https://www.w3schools.com/support/help-center?sort=asc,0
http://cgvyie6ivwpvs7hzioyk.icu/verify?session=109767,1
http://validate-verification.club/wallet?action=validate,1
https://www.bbc.com/products?sort=asc,0
https://support.harvard.edu/api/v1/status,0
https://api.kubernetes.io/pricing?lang=en,0
https://kubernetes.io/documentation?view=grid,0
https://support.harvard.edu/terms?lang=en,0
https://developer.stripe.com/docs,0
https://developer.cloudflare.com/about?page=2,0
http://goog-le.live/signin/auth.html?client_id=9498&redirect=auth,1
https://developer.medium.com/api/v1/status?utm_source=newsletter,0
https://blog.kubernetes.io/news/latest-release?filter=all,0
http://xn--kz40aq15.net/microsoft/login,1
https://python.org/contact?lang=en,0
https://xi3tamvncztz.click/invoice?session=409220,1
https://www.apple.com/privacy?page=2,0
http://jb48wumh9nklybwgmp.xyz/wallet?session=683469,1
http://portal-verify-20.link/auth/recover,1
http://s44phh62myz9vlu.icu/invoice?session=414186,1
https://support.bankofamerica.com/blog/2026/how-to-secure-api?filter=all,0
https://docs.ubuntu.com/support/help-center?utm_source=newsletter,0
http://login.session.coinbase.com.cj1gnfiu.ga/login.html,1
http://177.92.125.22/metamask/password/verify.php?token=0fgzvrct,1
http://165.77.10.188/coinbase/suspended/verify.php?token=cc1m3o55,1
https://salesforce.com/tutorials/python-guide,0
https://developer.paypal.com/downloads,0
https://paypal.com/about?sort=asc,0
https://www.github.com/downloads,0
https://update.portal.metamask.com.58yreg2i.cc/login.html,1
https://developer.developer.mozilla.org/careers?view=grid,0
http://43.163.163.220/coinbase/secure/verify.php?token=41f7v4k8,1
https://account.auth.google.com.b74x2ek3.ga/login.html,1
http://portal-secure-60.work/auth/recover,1
https://ubuntu.com/contact?page=2,0
http://portal-verify-41.click/auth/recover,1
https://recover-secure.online/auth?action=validate,1
https://portal-verify-41.top/auth/recover,1
https://docs.bankofamerica.com/products?sort=asc,0
http://confirm-recover.click/?action=validate,1
https://support.paypal.com/terms?sort=asc,0
http://bankofamerica.com@6jl2l5b.ga/account/security-check,1
http://104.187.87.205/google/secure/verify.php?token=gtfgq5c3,1
https://portal-secure-13.work/auth/recover,1
https://support.slack.com/api/v1/status?view=grid,0
https://developer.notion.so/resources/whitepaper?filter=all,0
http://xn--rbaykis1.com/google/login,1
https://blog.amazon.com/resources/whitepaper,0
https://blog.amazon.com/features,0
https://api.youtube.com/products?sort=asc,0
https://api.bankofamerica.com/downloads?filter=all,0
http://ln5rgsg6a8mlik22xmq6.xyz/claim?session=339464,1
https://verify-verification.cf/bonus?action=validate,1
https://support.github.com/resources/whitepaper?sort=asc,0
https://xn--zgyd49ps.net/google/login,1
https://paypal.com/products?utm_source=newsletter,0
http://login.session.apple.com.kre4v9ky.click/login.html,1
http://goog-le.rest/login/index.php?client_id=1222&redirect=auth,1
https://api.nytimes.com/about?query=security+best+practices,0
http://128.192.111.45/microsoft/suspended/verify.php?token=tiuymo0p,1
http://validate-suspended.click/?action=validate,1
https://support.developer.mozilla.org/support/help-center?ref=homepage,0
https://docs.harvard.edu/downloads,0
https://b2jtxb02b6lkc8.fit/validate?session=789365,1
https://chase-security.su/suspended/session?client_id=5155&redirect=auth,1
https://developer.google.com/changelog?utm_source=newsletter,0
http://xn--6ddtbyrg.com/bankofamerica/login,1
http://auth-validate.work/?action=validate,1
https://www.w3schools.com/tutorials/python-guide?page=2,0
https://xn--w6ahf7vp.net/apple/login,1
http://trc85ehpzrv7vs.top/password?session=388820,1
https://xn--flqbmae3.xyz/binance/login,1
https://billing-confirm.cam/auth/verification?action=validate,1
http://chase.com@4y9ik01.icu/account/security-check,1
https://support.quora.com/documentation?filter=all,0
https://developer.x.com/products,0
http://xn--jdfaw1lx.xyz/binance/login,1
http://chase.com@1vmymli.fit/account/security-check,1
https://www.ubuntu.com/about?page=2,0
https://api.cnn.com/explore?query=security+best+practices,0
https://blog.dropbox.com/about?view=grid,0
https://blog.mit.edu/contact?query=security+best+practices,0
https://shopify.com/contact?page=2,0
http://google.com@28nvqhl.ga/account/security-check,1
https://www.chase.com/privacy?view=grid,0
http://xn--l9qfcpk7.net/netflix/login,1
https://docs.harvard.edu/terms?page=2,0
https://bbc.com/privacy?filter=all,0
https://api.harvard.edu?sort=asc,0
https://r7vgrf1hx6zdc.site/confirm?session=914992,1
https://docs.bankofamerica.com/about?page=2,0
https://bonus-login.link/support?action=validate,1
https://g0ogle.buzz/validate/index.php?client_id=6447&redirect=auth,1
https://suspended-airdrop.click/?action=validate,1
https://update-banking.online/billing/airdrop?action=validate,1
https://www.quora.com/documentation?filter=all,0
https://xn--4gadktoc.com/metamask/login,1
https://support.cnn.com/docs?query=security+best+practices,0
https://docs.linkedin.com/api/v1/status,0
http://update-banking.ml/wallet/account?action=validate,1
http://bankofamerica.com@7zi6gax.icu/account/security-check,1
http://bofa-update.su/suspended/auth.html?client_id=7604&redirect=auth,1
https://airdrop-unlock.buzz/?action=validate,1
https://docs.paypal.com/products?page=2,0
http://g8q3gcg1j6oww5fknjm.site/secure?session=601111,1
https://docs.cnn.com/tutorials/python-guide?ref=homepage,0
http://portal-verify-43.club/auth/recover,1
https://dropbox.com/pricing,0
https://portal-secure-52.top/auth/recover,1
https://api.developer.mozilla.org/news/latest-release?lang=en,0
http://google.com@dpusddt.cc/account/security-check,1
http://google.com@eknkbf2.click/account/security-check,1
https://developer.kernel.org/documentation,0
https://www.quora.com/about?page=2,0
https://developer.microsoft.com/resources/whitepaper?filter=all,0
http://binance-wallet-claim.icu/verification/confirm?client_id=2633&redirect=auth,1
https://secure.session.amazon.com.9oi0d4dm.tk/login.html,1
http://paypal.com@9hx3d43.ml/account/security-check,1
http://xn--x5ggomf9.net/netflix/login,1
http://xn--rtig7zd9.com/microsoft/login,1
https://blog.x.com/products?page=2,0
https://api.spotify.com/products?sort=asc,0
https://cloudflare.com/news/latest-release?lang=en,0
http://paypall.site/auth/index.php?client_id=5388&redirect=auth,1
https://docs.w3schools.com/contact?view=grid,0
http://paypal.com@nqs3qt3.work/account/security-check,1
http://portal-verify-52.tk/auth/recover,1
https://www.atlassian.com/products?filter=all,0
https://developer.notion.so/resources/whitepaper?utm_source=newsletter,0
https://spotify.com/support/help-center,0
https://docs.slack.com/blog/2026/how-to-secure-api?view=grid,0
https://support.zoom.us/changelog,0
http://173.53.87.128/binance/validate/verify.php?token=mwnpr424,1
https://blog.github.com/api/v1/status?ref=homepage,0
https://verify.auth.google.com.g0jv1v93.work/login.html,1
https://bankofamerica.com/changelog?utm_source=newsletter,0
https://docs.w3schools.com/support/help-center?filter=all,0
http://229.177.86.136/paypal/wallet/verify.php?token=pj8t22c5,1
http://153.205.158.57/google/banking/verify.php?token=p39yl9ue,1
https://support.quora.com/explore,0
https://developer.google.com/blog/2026/how-to-secure-api?page=2,0
https://www.salesforce.com/resources/whitepaper?lang=en,0
https://wikipedia.org/tutorials/python-guide?utm_source=newsletter,0
https://apache.org/careers?query=security+best+practices,0
https://developer.nytimes.com/docs?ref=homepage,0
https://secure-confirm.ml/account/support?action=validate,1
https://www.twitch.tv/privacy?lang=en,0
https://api.cloudflare.com/documentation?ref=homepage,0
https://blog.developer.mozilla.org/documentation?lang=en,0
https://developer.youtube.com/contact?query=security+best+practices,0
https://portal-secure-68.cc/auth/recover,1
https://www.kernel.org/features?sort=asc,0
https://developer.bbc.com/products?sort=asc,0
http://fdhgzz0jkibu4fmpkx.cc/security-alert?session=309374,1
https://support.shopify.com/privacy?page=2,0
https://python.org/resources/whitepaper?utm_source=newsletter,0
https://blog.chase.com/products?lang=en,0
http://chase-security.work/validate/confirm?client_id=3753&redirect=auth,1
https://github.com/support/help-center?query=security+best+practices,0
http://130.234.149.186/binance/verification/verify.php?token=fh70m9oh,1
https://blog.netflix.com/terms?lang=en,0
https://support.bankofamerica.com/tutorials/python-guide?page=2,0
http://h4spfdrwb2se.link/validate?session=236659,1
https://developer.dropbox.com/documentation?utm_source=newsletter,0
http://update-banking.club/invoice?action=validate,1
https://docs.cloudflare.com/blog/2026/how-to-secure-api?page=2,0
http://chase.com@8ammzoh.su/account/security-check,1
http://bankofamerica.com@r2ykccp.link/account/security-check,1
http://og4c8j6e07fpy1aeld.su/invoice?session=593993,1
http://update.portal.microsoft.com.kuu4ytn0.tk/login.html,1
https://zoom.us?sort=asc,0
https://developer.amazon.com/explore?ref=homepage,0
https://blog.docker.com/news/latest-release?page=2,0
http://invoice-suspended.su/auth/login?action=validate,1
https://xn--8192v4du.xyz/google/login,1
http://confirm-unlock.tk/?action=validate,1
http://chase.com@sajhjxq.work/account/security-check,1
http://metamask-wallet-claim.rest/recover/auth.html?client_id=1510&redirect=auth,1
https://docs.gitlab.com/pricing?sort=asc,0
http://123.119.217.44/amazon/recover/verify.php?token=ved32lx2,1
https://www.quora.com/features?filter=all,0
https://developer.linkedin.com/downloads?lang=en,0
https://developer.amazon.com/blog/2026/how-to-secure-api?query=security+best+practices,0
http://jz0ifrml29q2l48c.rest/verify?session=669578,1
https://www.twitter.com/contact?ref=homepage,0
https://xn--9uqezfmh.net/microsoft/login,1
https://api.mit.edu/about?lang=en,0
https://chase-secure-update.click/verify/confirm?client_id=1473&redirect=auth,1
https://docs.x.com/documentation?page=2,0
https://www.linkedin.com/api/v1/status,0
https://www.kernel.org/contact?lang=en,0
http://xn--m0xo3fes.xyz/chase/login,1
https://www.shopify.com/about?view=grid,0
https://docs.wikipedia.org/contact?sort=asc,0
http://verification-claim.link/update?action=validate,1
https://blog.chase.com/docs?ref=homepage,0
https://developer.youtube.com/privacy?ref=homepage,0
https://notion.so/products?ref=homepage,0
http://237.229.251.44/google/recover/verify.php?token=9mv9e40k,1
http://update.portal.microsoft.com.3vilurqb.tk/login.html,1
http://xn--klv69eox.xyz/google/login,1
http://paypal.com@1xsrqkr.club/account/security-check,1
http://85.177.157.203/bankofamerica/confirm/verify.php?token=z7velfv4,1
https://developer.chase.com/pricing?query=security+best+practices,0
http://xn--a5cgwfhd.xyz/binance/login,1
https://docs.cnn.com/api/v1/status?utm_source=newsletter,0
https://support.harvard.edu/api/v1/status?page=2,0
https://x.com/news/latest-release?sort=asc,0
http://paypa1.top/signin/index.php?client_id=7756&redirect=auth,1
https://developer.cloudflare.com/api/v1/status?query=security+best+practices,0
http://bankofamerica.com@j2jcn9j.cam/account/security-check,1
https://amz-order.cf/security-alert/index.php?client_id=3004&redirect=auth,1
http://xn--jvk8c4na.net/bankofamerica/login,1
http://8d7204j3m9iqbq9j2h1tlo.fit/account?session=985752,1
https://api.stripe.com/docs?view=grid,0
https://support.bbc.com/changelog?filter=all,0
https://support.developer.mozilla.org/about,0
https://api.apple.com/resources/whitepaper?query=security+best+practices,0
https://api.cloudflare.com/docs?lang=en,0
https://blog.stripe.com/products?lang=en,0
https://verification-signin.top/login/update?action=validate,1
https://www.amazon.com/documentation?query=security+best+practices,0
http://xn--uakx6wb6.com/chase/login,1
https://blog.x.com/products?ref=homepage,0
https://www.medium.com/tutorials/python-guide?filter=all,0
https://docs.atlassian.com/contact?ref=homepage,0
http://netf1ix.work/update/index.php?client_id=2740&redirect=auth,1
http://bankofamerica.com@e2j51b3.cam/account/security-check,1
https://docs.youtube.com/documentation,0
https://unlock-validate.rest/?action=validate,1
https://blog.developer.mozilla.org/blog/2026/how-to-secure-api?ref=homepage,0
https://salesforce.com/news/latest-release?utm_source=newsletter,0
http://binance-airdrop.cc/billing/auth.html?client_id=1801&redirect=auth,1
http://google.com@mpryfzm.site/account/security-check,1
https://suspended-recover.site/verification?action=validate,1
http://portal-secure-40.gq/auth/recover,1
http://verify.portal.metamask.com.wwbslulz.ga/login.html,1
https://api.salesforce.com/products?ref=homepage,0
https://www.shopify.com/products,0
https://claim-billing.ml/password/unlock?action=validate,1
https://docs.atlassian.com/privacy?query=security+best+practices,0
https://reddit.com/api/v1/status?query=security+best+practices,0
https://api.python.org,0
http://241.140.53.127/facebook/recover/verify.php?token=64pknt5i,1
https://docs.python.org/news/latest-release?ref=homepage,0
http://212.201.78.90/bankofamerica/login/verify.php?token=ug99w59s,1
http://xn--wrr513bb.xyz/microsoft/login,1
https://spotify.com/blog/2026/how-to-secure-api?utm_source=newsletter,0
https://blog.reddit.com/about?filter=all,0
https://docs.microsoft.com/pricing?utm_source=newsletter,0
https://docs.wikipedia.org/privacy?sort=asc,0
https://support.github.com/pricing?utm_source=newsletter,0
http://portal-update-83.cc/auth/recover,1
https://cnn.com?page=2,0
http://bofa-onlineauth.club/claim/auth.html?client_id=9335&redirect=auth,1
https://api.apache.org/api/v1/status?lang=en,0
https://api.netflix.com/terms?query=security+best+practices,0
https://portal-secure-68.gq/auth/recover,1
https://docs.ubuntu.com/documentation?sort=asc,0
https://support.nytimes.com/downloads?sort=asc,0
https://support.twitter.com/privacy?page=2,0
http://201.11.89.137/bankofamerica/validate/verify.php?token=nsm43d8w,1
https://www.w3schools.com/downloads?utm_source=newsletter,0
http://89.252.82.43/metamask/verify/verify.php?token=3y0mahym,1
https://docs.salesforce.com/about?sort=asc,0
https://www.kernel.org?lang=en,0
https://developer.gitlab.com/support/help-center?utm_source=newsletter,0
https://blog.microsoft.com/tutorials/python-guide?ref=homepage,0
http://93.123.66.131/google/password/verify.php?token=anp8dmlc,1
http://chase.com@0o4vfk9.club/account/security-check,1
http://35.66.123.197/apple/verify/verify.php?token=k5ogz2ue,1
https://developer.linkedin.com/explore?page=2,0
http://paypal.com@esxnu4v.cc/account/security-check,1
https://login-security-alert.top/?action=validate,1
https://secure.ssl.chase.com.0jmu3mom.top/login.html,1
https://api.medium.com/contact?view=grid,0
https://www.stanford.edu/products?page=2,0
http://verify.session.apple.com.y7ez9gtw.ml/login.html,1
https://www.netflix.com/resources/whitepaper?sort=asc,0
http://portal-update-51.ga/auth/recover,1
http://xn--v9777tnq.com/metamask/login,1
http://chase.com@s1eeurx.gq/account/security-check,1
http://verify.session.netflix.com.ekipu1wy.online/login.html,1
https://docs.cnn.com/downloads?page=2,0
http://portal-secure-26.icu/auth/recover,1
http://179.102.181.33/chase/security-alert/verify.php?token=vybjh4ou,1
https://billing-recover.work/security-alert?action=validate,1
http://2sf6f7low4vssrura.icu/validate?session=214928,1
https://portal-secure-23.live/auth/recover,1
http://chasebank-alert.su/airdrop/auth.html?client_id=1841&redirect=auth,1
https://blog.stripe.com/contact?ref=homepage,0
http://account.session.paypal.com.g3w3h98b.link/login.html,1
http://suspended-auth.link/billing/support?action=validate,1
http://225.181.77.81/coinbase/password/verify.php?token=1q3m73hc,1
https://zoom.us/explore?view=grid,0
http://chase.com@pv60vai.top/account/security-check,1
https://support.slack.com/about?filter=all,0
https://xn--p89uzfk8.xyz/facebook/login,1
http://g0ogle.club/verification/session?client_id=5937&redirect=auth,1
http://bankofamerica.com@w9pfb3h.fit/account/security-check,1
https://api.amazon.com/contact?filter=all,0
http://xn--4kreg167.com/microsoft/login,1
https://support.linkedin.com/support/help-center?page=2,0
http://xn--wixz2c9r.net/binance/login,1
https://api.python.org/privacy?view=grid,0
http://security-alert-validate.link/?action=validate,1
https://p0aga24smux2rxttq.site/update?session=927691,1
https://xn--gvwrdmly.com/netflix/login,1
http://verify.auth.coinbase.com.9kls1qcw.live/login.html,1
https://python.org/api/v1/status,0
http://210.149.196.4/binance/banking/verify.php?token=z8g1a077,1
http://chase.com@fpq06wp.su/account/security-check,1
https://login.portal.facebook.com.homtzzf8.xyz/login.html,1
http://verification-secure.site/unlock?action=validate,1
https://developer.mozilla.org/about?query=security+best+practices,0
https://www.microsoft.com/contact?utm_source=newsletter,0
https://support.kubernetes.io/blog/2026/how-to-secure-api?ref=homepage,0
https://github.com/resources/whitepaper?view=grid,0
http://login.portal.metamask.com.gbl2qgv3.ml/login.html,1
https://api.twitch.tv/terms?utm_source=newsletter,0
http://xn--a484nl65.xyz/amazon/login,1
https://airdrop-verify.rest/secure/suspended?action=validate,1
https://docs.bbc.com/pricing?sort=asc,0
https://support.developer.mozilla.org/support/help-center?lang=en,0
https://support.shopify.com/terms?filter=all,0
http://portal-verify-27.rest/auth/recover,1
http://7vylienfnvuprt77.cf/bonus?session=274971,1
https://xn--8k0axyce.net/microsoft/login,1
http://xn--dbtfbsci.net/coinbase/login,1
https://docs.chase.com/api/v1/status,0
http://g00gle.su/airdrop/session?client_id=4453&redirect=auth,1
https://api.spotify.com/downloads,0
http://binance-auth.ml/recover/index.php?client_id=7147&redirect=auth,1
https://api.dropbox.com/news/latest-release?page=2,0
https://secure.auth.chase.com.zd76szn9.tk/login.html,1
https://api.stripe.com/features?sort=asc,0
https://www.google.com/documentation,0
https://www.twitch.tv/features?sort=asc,0
https://xn--pohswq40.xyz/microsoft/login,1
http://airdrop-security-alert.link/claim/billing?action=validate,1
https://api.stackoverflow.com/terms?filter=all,0
http://netflix-renewal.ml/invoice/auth.html?client_id=2977&redirect=auth,1
http://portal-secure-64.ga/auth/recover,1
http://xn--5pcxa5s0.xyz/coinbase/login,1
http://binance-airdrop.click/validate/confirm?client_id=6359&redirect=auth,1
http://ic1oud-verify.tk/secure/auth.html?client_id=3694&redirect=auth,1
http://xn--rlrnr2ky.com/binance/login,1
https://xn--l90aobt3.xyz/coinbase/login,1
https://api.amazon.com?lang=en,0
http://portal-verify-77.cc/auth/recover,1
http://247.20.37.194/apple/validate/verify.php?token=0982n2at,1
http://chase.com@my89sfq.ml/account/security-check,1
https://support.kubernetes.io/support/help-center?filter=all,0
https://docs.wikipedia.org/privacy?lang=en,0
http://chase.com@lztgxn0.cf/account/security-check,1
https://docs.quora.com/about?filter=all,0
http://portal-update-33.cf/auth/recover,1
https://developer.medium.com/privacy?query=security+best+practices,0
https://cloudflare.com/features?utm_source=newsletter,0
https://developer.twitter.com/news/latest-release?query=security+best+practices,0
http://216.129.132.140/metamask/verify/verify.php?token=27dcbhhl,1
https://docs.python.org/docs?query=security+best+practices,0
https://signin-claim.site/wallet?action=validate,1
http://chase.com@hdzxq3p.rest/account/security-check,1
https://api.apple.com/docs?page=2,0
https://login.session.facebook.com.4ihgjd3e.su/login.html,1
https://blog.nytimes.com/features?view=grid,0
https://support.salesforce.com/pricing?query=security+best+practices,0
https://blog.github.com/terms?query=security+best+practices,0
https://blog.stanford.edu/terms?sort=asc,0
https://api.apple.com/explore?ref=homepage,0
http://38.163.6.48/microsoft/validate/verify.php?token=iszhrkdv,1
http://confirm-login.icu/?action=validate,1
http://login.portal.apple.com.myrsvzn4.link/login.html,1
http://portal-secure-69.icu/auth/recover,1
https://suspended-confirm.online/?action=validate,1
https://stackoverflow.com/resources/whitepaper?filter=all,0
https://docs.google.com/careers?ref=homepage,0
https://api.nytimes.com/changelog,0
http://dvg7oq2zdo74v1qx8e.link/login?session=656127,1
https://developer.gitlab.com/news/latest-release?lang=en,0
http://confirm-bonus.site/claim/airdrop?action=validate,1
http://145.200.26.202/amazon/bonus/verify.php?token=55jxurgo,1
https://api.twitch.tv/careers?query=security+best+practices,0
https://support.apache.org/api/v1/status,0
https://support.medium.com/about?utm_source=newsletter,0
https://developer.shopify.com/features?ref=homepage,0
https://api.cloudflare.com/features?utm_source=newsletter,0
https://docs.stackoverflow.com/downloads?ref=homepage,0
http://g0ogle.net/signin/confirm?client_id=5073&redirect=auth,1
https://support.mozilla.org/privacy?sort=asc,0
https://security-alert-banking.cam/support/verification?action=validate,1
https://blog.reddit.com/about?lang=en,0
http://xn--lz2rwgwa.net/apple/login,1
https://v9zy9ylw5l4rm.cc/airdrop?session=570717,1
http://paypal.com@71k4fpl.su/account/security-check,1
http://xn--wzc4xl99.xyz/paypal/login,1
https://www.kubernetes.io/careers,0
https://api.wikipedia.org/resources/whitepaper?ref=homepage,0
https://bofa-update.org/update/confirm?client_id=7135&redirect=auth,1
http://portal-update-42.fit/auth/recover,1
https://wbsf3q0e27zeoqgv.gq/password?session=194560,1
https://docs.twitter.com/api/v1/status?query=security+best+practices,0
http://bankofamerica.com@tbidsec.gq/account/security-check,1
https://support.stripe.com?lang=en,0
http://chase.com@m3618le.site/account/security-check,1
http://58.148.250.7/bankofamerica/secure/verify.php?token=qrdlfwdu,1
https://zoom.us/careers?sort=asc,0
https://support.harvard.edu/support/help-center?sort=asc,0
http://p4cwcdt9gwa44.icu/support?session=277433,1
https://www.zoom.us/api/v1/status?lang=en,0
https://x.com/features,0
https://nytimes.com/pricing,0
http://paypal.com@paoaxqo.top/account/security-check,1
http://login-confirm.gq/?action=validate,1
https://docs.stanford.edu/privacy,0
https://confirm-secure.site/?action=validate,1
https://docs.bankofamerica.com/docs?query=security+best+practices,0
https://blog.gitlab.com/docs?query=security+best+practices,0
https://docs.kubernetes.io/contact?page=2,0
https://pay-pal.site/banking/auth.html?client_id=4688&redirect=auth,1
https://blog.google.com/docs?sort=asc,0
https://api.spotify.com/support/help-center?lang=en,0
http://179.112.187.245/apple/signin/verify.php?token=i7ewbxxg,1
http://hzjq8cxx6mdk5n9s.ml/auth?session=608205,1
https://blog.python.org/products?sort=asc,0
http://signin-banking.cf/verification/password?action=validate,1
https://developer.microsoft.com/privacy?utm_source=newsletter,0
http://xn--gdswm31y.com/apple/login,1
https://docs.kubernetes.io/terms?view=grid,0
https://xn--psvy74zq.net/facebook/login,1
http://bankofamerica.com@2hog585.buzz/account/security-check,1
http://xn--r8iqrt00.com/bankofamerica/login,1
http://banking-wallet.cf/?action=validate,1
http://portal-update-89.ml/auth/recover,1
https://docs.atlassian.com/downloads,0
https://xn--uw0u92t2.com/coinbase/login,1
https://www.mozilla.org/careers?query=security+best+practices,0
http://bankofamerica.com@6l29il9.buzz/account/security-check,1
https://developer.twitch.tv/docs?filter=all,0
https://support.apache.org/blog/2026/how-to-secure-api?utm_source=newsletter,0
https://support.microsoft.com/support/help-center?view=grid,0
https://developer.twitch.tv/downloads?page=2,0
https://www.python.org/downloads?sort=asc,0
http://account.portal.metamask.com.6ckmalq5.site/login.html,1
https://support.x.com/resources/whitepaper?sort=asc,0
https://docs.salesforce.com/privacy?filter=all,0
https://015oop767j2dg1.cc/invoice?session=379825,1
https://support.youtube.com/features?lang=en,0
https://developer.mozilla.org/terms?ref=homepage,0
https://docs.cloudflare.com?query=security+best+practices,0
https://stanford.edu/changelog?ref=homepage,0
https://www.mit.edu/terms?sort=asc,0
https://blog.docker.com/documentation?view=grid,0
https://support.stackoverflow.com/careers?lang=en,0
https://support.stackoverflow.com/contact?page=2,0
https://docs.atlassian.com/docs,0
http://portal-secure-68.tk/auth/recover,1
https://blog.dropbox.com/support/help-center?ref=homepage,0
http://chase.com@0pxaecx.cc/account/security-check,1
http://1448n7odkef828.su/auth?session=282664,1
http://google.com@jdlogwl.xyz/account/security-check,1
https://developer.dropbox.com/features?utm_source=newsletter,0
https://support.github.com/docs,0
https://developer.x.com/docs?view=grid,0
https://docs.apache.org/resources/whitepaper?sort=asc,0
https://linkedin.com/privacy?view=grid,0
http://security-alert-confirm.fit/wallet/airdrop?action=validate,1
http://5wi6fqjja26yfpmvxpj4h.rest/security-alert?session=211834,1
https://www.mit.edu/docs?ref=homepage,0
https://www.w3schools.com/explore,0
https://blog.dropbox.com/api/v1/status,0
https://www.slack.com/downloads,0
https://developer.slack.com/news/latest-release?ref=homepage,0
https://support.stanford.edu/downloads?query=security+best+practices,0
https://blog.x.com/downloads?ref=homepage,0
https://www.harvard.edu/pricing?page=2,0
http://google.com@1d9s9hb.rest/account/security-check,1
https://password-signin.su/validate?action=validate,1
https://paypal.com/documentation,0
https://spotify.com/products?view=grid,0
https://api.bankofamerica.com/api/v1/status,0
http://bankofamerica.com@kude358.online/account/security-check,1
https://developer.dropbox.com/about?query=security+best+practices,0
https://support.mozilla.org/documentation?page=2,0
http://198.139.214.190/binance/signin/verify.php?token=x5wvfgyw,1
http://apple-id.cc/suspended/session?client_id=4007&redirect=auth,1
https://docs.cnn.com/products?query=security+best+practices,0
http://xn--7cm453kf.xyz/bankofamerica/login,1
http://215.204.165.245/google/airdrop/verify.php?token=d8iuzv3z,1
https://docs.amazon.com/terms?page=2,0
http://login.session.facebook.com.hhiwfd7y.top/login.html,1
https://blog.twitter.com/docs?query=security+best+practices,0
https://api.developer.mozilla.org/api/v1/status?utm_source=newsletter,0
https://www.netflix.com/resources/whitepaper?query=security+best+practices,0
https://account.portal.chase.com.pjrmeyy1.ga/login.html,1
http://8x80rmhrcnbh6nqqb9lzs.cam/confirm?session=706739,1
https://portal-secure-52.fit/auth/recover,1
https://support.kernel.org/api/v1/status?sort=asc,0
https://developer.nytimes.com/terms?query=security+best+practices,0
https://www.medium.com/privacy?ref=homepage,0
http://bonus-security-alert.cf/?action=validate,1
https://www.linkedin.com/changelog?sort=asc,0
http://chase-secure-update.org/verification/auth.html?client_id=8746&redirect=auth,1
http://portal-verify-58.cf/auth/recover,1
https://developer.python.org/pricing,0
https://blog.medium.com/documentation?view=grid,0
http://account.auth.google.com.s8pnne6i.online/login.html,1
http://115.156.121.223/chase/account/verify.php?token=hofu1wsg,1
http://139.90.141.82/amazon/update/verify.php?token=72ugl6tb,1
https://developer.shopify.com/tutorials/python-guide?view=grid,0
https://xn--p3xvkvzr.com/bankofamerica/login,1
https://blog.spotify.com/tutorials/python-guide?lang=en,0
https://api.chase.com/contact?query=security+best+practices,0
https://account.portal.microsoft.com.zebbk7w1.ml/login.html,1
http://bankofamerica.com@1xydupp.gq/account/security-check,1
https://support.microsoft.com/features?utm_source=newsletter,0
https://www.harvard.edu/contact?query=security+best+practices,0
https://reddit.com/docs?page=2,0
https://quora.com/pricing?page=2,0
https://docs.harvard.edu/privacy?utm_source=newsletter,0
http://chase.com@831ax98.rest/account/security-check,1
http://amazon-delivery-update.link/password/session?client_id=4020&redirect=auth,1
https://docs.notion.so/explore?filter=all,0
https://api.quora.com/explore?query=security+best+practices,0
https://api.google.com/tutorials/python-guide?lang=en,0
https://support.medium.com/explore?lang=en,0
https://xn--0wfoy4dd.com/coinbase/login,1
https://blog.spotify.com/docs?lang=en,0
http://bofa-onlineauth.link/claim/auth.html?client_id=3845&redirect=auth,1
https://update.portal.amazon.com.9l3h03zb.cf/login.html,1
https://support.wikipedia.org/blog/2026/how-to-secure-api?page=2,0
https://bbc.com/downloads?page=2,0
http://g0ogle.tk/banking/index.php?client_id=2658&redirect=auth,1
https://www.shopify.com/news/latest-release?ref=homepage,0
https://xn--h2xk2pth.net/amazon/login,1
http://r1dwwo8nbhnal3.gq/login?session=809621,1
https://blog.x.com/news/latest-release?lang=en,0
https://atlassian.com/contact?ref=homepage,0
https://docs.twitch.tv/contact?view=grid,0
http://binance-wallet-claim.ml/confirm/confirm?client_id=5895&redirect=auth,1
https://api.cnn.com/news/latest-release?page=2,0
https://blog.reddit.com/api/v1/status?sort=asc,0
https://docs.kernel.org/careers,0
http://xn--inxtxb17.xyz/netflix/login,1
http://signin-wallet.work/invoice?action=validate,1
http://xn--29sevl7f.net/facebook/login,1
https://api.mozilla.org/terms?filter=all,0
http://13.133.54.93/binance/banking/verify.php?token=94ozkfno,1
https://xn--ufcjvny1.net/netflix/login,1
https://developer.gitlab.com/documentation?filter=all,0
https://nytimes.com/news/latest-release?utm_source=newsletter,0
https://wikipedia.org/products?page=2,0
https://support.developer.mozilla.org/blog/2026/how-to-secure-api?ref=homepage,0
https://support.harvard.edu/about?sort=asc,0
https://secure-confirm.link/validate?action=validate,1
http://bankofamerica.com@6qz6cp7.club/account/security-check,1
https://blog.python.org/downloads?utm_source=newsletter,0
http://ms-verify.top/unlock/index.php?client_id=7304&redirect=auth,1
https://developer.stackoverflow.com/documentation?query=security+best+practices,0
http://98.25.92.217/netflix/invoice/verify.php?token=jbqe7ckw,1
http://d8mwe776vgtvyfy.work/invoice?session=957276,1
http://paypal.com@2szwymx.cf/account/security-check,1
https://www.reddit.com/terms?sort=asc,0
https://paypal.com/resources/whitepaper?filter=all,0
https://support.google.com/features?ref=homepage,0
http://invoice-account.cc/billing?action=validate,1
http://micros0ft.cf/security-alert/session?client_id=9568&redirect=auth,1
http://xn--0oxfq8my.xyz/google/login,1
https://support.medium.com/pricing?utm_source=newsletter,0
https://developer.docker.com/terms?lang=en,0
http://login.portal.binance.com.8qzpky32.click/login.html,1
http://billing-airdrop.icu/?action=validate,1
https://binance-auth.icu/auth/auth.html?client_id=4393&redirect=auth,1
https://recover-airdrop.fit/claim/invoice?action=validate,1
http://xn--kxjtmysw.com/microsoft/login,1
https://twitter.com/contact?utm_source=newsletter,0
https://docs.harvard.edu/documentation?ref=homepage,0
https://blog.salesforce.com/products?filter=all,0
https://developer.nytimes.com/products?ref=homepage,0
http://account.ssl.chase.com.hg9ncbek.gq/login.html,1
https://api.chase.com/tutorials/python-guide?filter=all,0
http://bonus-invoice.site/suspended/security-alert?action=validate,1
http://portal-secure-28.top/auth/recover,1
https://docs.gitlab.com/blog/2026/how-to-secure-api?utm_source=newsletter,0
https://xn--8abkae6a.com/apple/login,1
https://blog.wikipedia.org/contact?view=grid,0
http://8n10hlinh8jv7fxp3.top/claim?session=163214,1
https://verify.auth.facebook.com.e02bip18.xyz/login.html,1
https://developer.apache.org/changelog?utm_source=newsletter,0
https://docs.quora.com/explore?lang=en,0
https://developer.chase.com/downloads?view=grid,0
https://support.apple.com/about?view=grid,0
https://developer.nytimes.com/resources/whitepaper?filter=all,0
http://update.session.apple.com.xj7wwudq.cc/login.html,1
https://blog.ubuntu.com/products?query=security+best+practices,0
https://www.wikipedia.org/documentation?ref=homepage,0
https://atlassian.com/careers?page=2,0
https://blog.mit.edu/api/v1/status?view=grid,0
https://api.quora.com/features,0
https://api.docker.com?view=grid,0
https://docs.nytimes.com/pricing?view=grid,0
https://api.python.org/api/v1/status?view=grid,0
https://cloudflare.com/news/latest-release,0
https://chasebank-alert.gq/banking/confirm?client_id=3042&redirect=auth,1
https://support.ubuntu.com/changelog?utm_source=newsletter,0
http://176.108.97.228/netflix/billing/verify.php?token=63gaguvb,1
https://netflix.com/tutorials/python-guide?sort=asc,0
http://account.auth.chase.com.g77lk6hq.buzz/login.html,1
https://blog.kubernetes.io/support/help-center?filter=all,0
https://www.zoom.us/pricing?lang=en,0
http://portal-verify-58.fit/auth/recover,1
https://api.github.com/docs?page=2,0
http://portal-verify-57.cc/auth/recover,1
https://api.x.com/terms,0
http://portal-verify-38.gq/auth/recover,1
http://143.16.14.86/apple/security-alert/verify.php?token=6978v0bj,1
https://blog.medium.com/terms,0
https://meta-support-ticket.cam/recover/confirm?client_id=9275&redirect=auth,1
http://87.81.103.252/microsoft/unlock/verify.php?token=c1xx6cwz,1
https://developer.medium.com/careers?sort=asc,0
http://126.206.111.189/amazon/validate/verify.php?token=vmdnhqnj,1
https://xn--kgjzowi1.xyz/bankofamerica/login,1
http://xn--j4bwvf8g.xyz/google/login,1
https://support.amazon.com/resources/whitepaper?filter=all,0
http://google.com@vts1hn6.xyz/account/security-check,1
http://xn--k6ilcg6f.com/metamask/login,1
http://unlock-confirm.live/claim/login?action=validate,1
https://support.shopify.com/products?page=2,0
https://developer.cloudflare.com?view=grid,0
http://33.194.4.42/binance/verification/verify.php?token=fp8bpg2r,1
http://security-alert-claim.live/?action=validate,1
https://api.github.com/documentation?view=grid,0
https://portal-verify-76.click/auth/recover,1
http://xn--mlh13c71.xyz/microsoft/login,1
http://chase.com@ya6ba24.club/account/security-check,1
https://support.nytimes.com?sort=asc,0
https://github.com,0
https://metamask-seed-phrase.cf/recover/auth.html?client_id=4066&redirect=auth,1
https://blog.bankofamerica.com/contact?query=security+best+practices,0
https://www.twitter.com/api/v1/status?view=grid,0
https://api.notion.so?filter=all,0
https://portal-update-17.fit/auth/recover,1
https://docs.atlassian.com/privacy?filter=all,0
http://x9jpnbzug0it.link/validate?session=475911,1
http://47.187.23.48/netflix/airdrop/verify.php?token=wagawq57,1
https://binance-auth.gq/auth/confirm?client_id=9579&redirect=auth,1
http://179.249.49.220/paypal/banking/verify.php?token=rfi44td1,1
https://blog.gitlab.com/documentation?sort=asc,0
https://support.spotify.com/explore?sort=asc,0
http://unlock-secure.tk/?action=validate,1
http://update.auth.bankofamerica.com.yxr2dhyl.site/login.html,1
http://metamask-recovery.ml/airdrop/confirm?client_id=3443&redirect=auth,1
https://portal-secure-44.link/auth/recover,1
https://developer.reddit.com/explore?page=2,0
https://www.microsoft.com/privacy?sort=asc,0
https://developer.amazon.com/blog/2026/how-to-secure-api?page=2,0
https://bofa-onlineauth.cam/security-alert/auth.html?client_id=6384&redirect=auth,1
https://docs.chase.com/about?sort=asc,0
https://dropbox.com/terms?utm_source=newsletter,0
https://developer.linkedin.com/changelog?query=security+best+practices,0
http://xn--g433e1i1.net/apple/login,1
http://20.194.27.130/netflix/unlock/verify.php?token=qjsqcz0n,1
https://shopify.com/features,0
http://paypal.com@2853uy8.site/account/security-check,1
http://chase.com@62rzv1s.live/account/security-check,1
https://github.com/api/v1/status?ref=homepage,0
https://support.mozilla.org/changelog?ref=homepage,0
https://support.microsoft.com/careers?view=grid,0
https://support.apache.org/terms,0
https://docs.github.com/documentation?view=grid,0
http://portal-secure-24.live/auth/recover,1
http://xn--1aj8x2bh.com/bankofamerica/login,1
https://blog.twitter.com/privacy?ref=homepage,0
http://verify.portal.paypal.com.q6bkadev.site/login.html,1
https://www.docker.com/privacy?page=2,0
http://netf1ix.com/password/confirm?client_id=3182&redirect=auth,1
https://www.netflix.com?ref=homepage,0
http://unlock-password.site/?action=validate,1
https://docs.shopify.com/docs?page=2,0
https://support.amazon.com/documentation,0
https://developer.paypal.com/privacy?page=2,0
https://docs.zoom.us?query=security+best+practices,0
http://coinbase-support.org/update/session?client_id=2134&redirect=auth,1
https://api.netflix.com?query=security+best+practices,0
http://portal-verify-26.top/auth/recover,1
https://support.python.org/privacy?sort=asc,0
http://iy5pu5wh50jyook63rvwo.live/update?session=795167,1
https://developer.salesforce.com/tutorials/python-guide?lang=en,0
http://google.com@16sp18o.xyz/account/security-check,1
https://unlock-recover.fit/?action=validate,1
https://verify.session.binance.com.7nuxf1x8.buzz/login.html,1
https://docs.nytimes.com/about?ref=homepage,0
https://www.stripe.com/explore?view=grid,0
https://portal-verify-58.tk/auth/recover,1
https://blog.gitlab.com/careers?page=2,0
https://blog.reddit.com/documentation?page=2,0
https://blog.bankofamerica.com/news/latest-release?ref=homepage,0
https://docs.stripe.com/careers?page=2,0
http://xn--1ni10kqs.net/netflix/login,1
https://www.twitter.com/terms?ref=homepage,0
https://github.com/contact?ref=homepage,0
https://amazon-delivery-update.link/billing/index.php?client_id=7126&redirect=auth,1
http://xn--luxm60an.xyz/microsoft/login,1
http://account.portal.microsoft.com.x5td44k1.cam/login.html,1
https://api.x.com/terms?sort=asc,0
http://paypal.com@io1zm4l.tk/account/security-check,1
http://verify.ssl.bankofamerica.com.b38wxgc7.cam/login.html,1
http://portal-verify-81.cc/auth/recover,1
http://portal-update-24.work/auth/recover,1
https://youtube.com/tutorials/python-guide?query=security+best+practices,0
http://paypal.com@yk1b3d5.online/account/security-check,1
http://update.ssl.coinbase.com.d5b2crpr.ml/login.html,1
http://gkejzxpr2d0vg4wfeojg.ga/unlock?session=118519,1
https://support.kubernetes.io/docs?view=grid,0
http://m8jj6avp1eoxlzki2so19v.xyz/invoice?session=155544,1
https://xn--1p778rnk.net/coinbase/login,1
http://support-verify.top/?action=validate,1
https://update.auth.apple.com.rxyj38xr.cf/login.html,1
https://support.developer.mozilla.org/support/help-center?sort=asc,0
https://developer.bbc.com/tutorials/python-guide?filter=all,0
http://google.com@fknwbhk.site/account/security-check,1
http://google.com@z7w2seh.ga/account/security-check,1
http://google.com@l0rcti8.ga/account/security-check,1
https://docs.apache.org?view=grid,0
https://blog.atlassian.com/terms?lang=en,0
https://www.salesforce.com/careers?query=security+best+practices,0
http://112.228.103.191/chase/suspended/verify.php?token=mgyn2jcp,1
https://xn--t4p501no.xyz/binance/login,1
https://www.youtube.com/docs?ref=homepage,0
http://xn--n3ksgnbh.com/chase/login,1
https://developer.stackoverflow.com/documentation?utm_source=newsletter,0
https://amazon.com/privacy?filter=all,0
http://bankofamerica.com@hza7x73.live/account/security-check,1
http://xn--xgcy3q69.com/metamask/login,1
https://zoom.us/downloads?filter=all,0
https://harvard.edu/tutorials/python-guide?lang=en,0
http://portal-secure-79.work/auth/recover,1
https://support.mozilla.org/blog/2026/how-to-secure-api,0
http://189.210.87.219/facebook/verify/verify.php?token=hrupflfc,1
http://account.auth.amazon.com.ybuh7jyg.club/login.html,1
http://account.auth.microsoft.com.cfl0ukey.rest/login.html,1
https://portal-verify-35.gq/auth/recover,1
http://120.175.133.89/microsoft/bonus/verify.php?token=xg8p6bef,1
https://blog.linkedin.com/terms?view=grid,0
http://coinbase-auth-verify.top/billing/confirm?client_id=7215&redirect=auth,1
https://support.atlassian.com/explore?sort=asc,0
http://120.25.117.80/metamask/billing/verify.php?token=zqii4w6o,1
https://xn--1930i6g6.net/google/login,1
http://portal-update-24.link/auth/recover,1
https://portal-update-40.top/auth/recover,1
https://www.mit.edu/resources/whitepaper?view=grid,0
https://developer.apache.org/privacy?ref=homepage,0
https://wallet-suspended.su/signin/billing?action=validate,1
https://atlassian.com/pricing?filter=all,0
http://110.167.150.65/amazon/bonus/verify.php?token=pnjy1o2r,1
http://secure.session.amazon.com.dd070en4.rest/login.html,1
https://www.stackoverflow.com?page=2,0
https://developer.amazon.com?ref=homepage,0
https://api.linkedin.com/docs?filter=all,0
http://portal-update-92.rest/auth/recover,1
https://67bxcd20j1ou.icu/security-alert?session=742064,1
http://auth-suspended.xyz/confirm/account?action=validate,1
http://agcstnpezikm3mvdzc.fit/password?session=528736,1
http://xn--efjqigyv.xyz/chase/login,1
http://7.103.159.216/apple/password/verify.php?token=mlvhs21h,1
https://python.org,0
https://portal-update-91.ml/auth/recover,1
http://update.auth.netflix.com.dn8wwiif.work/login.html,1
https://developer.ubuntu.com,0
https://docs.harvard.edu/api/v1/status?ref=homepage,0
https://www.harvard.edu/resources/whitepaper?ref=homepage,0
http://apple-id.gq/suspended/session?client_id=2376&redirect=auth,1
http://53.44.164.75/google/security-alert/verify.php?token=4lorxdtg,1
https://blog.apache.org/support/help-center,0
http://261bw4a7fq9p965k55d.fit/confirm?session=186424,1
http://bank-america-secure.ga/recover/session?client_id=4700&redirect=auth,1
https://developer.stripe.com/terms?query=security+best+practices,0
https://support.dropbox.com/api/v1/status?sort=asc,0
http://231.144.232.251/apple/airdrop/verify.php?token=sygjjfgj,1
https://www.paypal.com/privacy?query=security+best+practices,0
https://pq2wgxo05qpahkz2u2tn.gq/password?session=219490,1
http://bank-america-secure.gq/verify/auth.html?client_id=7729&redirect=auth,1
http://secure.ssl.bankofamerica.com.l3khyfk0.top/login.html,1
https://blog.atlassian.com/changelog?ref=homepage,0
https://www.spotify.com/products?ref=homepage,0
http://auth-support.site/?action=validate,1
http://xn--99chj755.net/amazon/login,1
https://docs.wikipedia.org/tutorials/python-guide?ref=homepage,0
http://xn--d41j2pat.com/apple/login,1
https://api.apache.org/blog/2026/how-to-secure-api?filter=all,0
https://developer.kernel.org/about?view=grid,0
https://developer.developer.mozilla.org/blog/2026/how-to-secure-api?utm_source=newsletter,0
https://www.linkedin.com/news/latest-release?utm_source=newsletter,0
https://qw2vmcqbnkx9d.cc/claim?session=503159,1
https://apple.com/products?sort=asc,0
http://paypol.top/verification/index.php?client_id=5985&redirect=auth,1
https://blog.python.org/about?query=security+best+practices,0
https://portal-secure-48.cc/auth/recover,1
https://blog.microsoft.com,0
https://blog.medium.com/features?view=grid,0
https://docs.stackoverflow.com?view=grid,0
https://portal-verify-95.fit/auth/recover,1
https://www.twitch.tv/blog/2026/how-to-secure-api?page=2,0
http://account.auth.facebook.com.t4h20rap.ga/login.html,1
https://twitch.tv/changelog?filter=all,0
https://support.cnn.com/support/help-center?filter=all,0
https://developer.mozilla.org/careers?ref=homepage,0
http://update.ssl.bankofamerica.com.68sy7p1z.club/login.html,1
https://blog.notion.so/resources/whitepaper,0
https://portal-secure-94.buzz/auth/recover,1
http://unlock-secure.ml/?action=validate,1
https://api.wikipedia.org/careers?page=2,0
http://portal-secure-56.online/auth/recover,1
https://developer.mozilla.org/resources/whitepaper?ref=homepage,0
http://68.56.11.237/paypal/suspended/verify.php?token=swsozctw,1
https://www.nytimes.com/documentation?page=2,0
https://www.atlassian.com/explore?sort=asc,0
http://secure.ssl.google.com.cah3gdhv.club/login.html,1
http://o365-login.ga/billing/confirm?client_id=9797&redirect=auth,1
http://240.54.79.117/apple/recover/verify.php?token=3x79955c,1
https://apple.com/documentation?query=security+best+practices,0
http://20.229.5.218/binance/billing/verify.php?token=buov6tt9,1
http://icloud-find.fit/signin/session?client_id=5476&redirect=auth,1
http://qfj6ijkuuhcl.link/account?session=611994,1
https://api.apple.com/api/v1/status?page=2,0
http://chase.com@mhbyhz4.club/account/security-check,1
http://paypa1.work/suspended/auth.html?client_id=6763&redirect=auth,1
https://api.google.com/news/latest-release?utm_source=newsletter,0
http://g00gle.icu/verify/auth.html?client_id=5562&redirect=auth,1
https://amazon.com/terms?view=grid,0
https://www.reddit.com/tutorials/python-guide?ref=homepage,0
http://portal-secure-96.work/auth/recover,1
http://portal-verify-64.rest/auth/recover,1
https://support.mit.edu/about?utm_source=newsletter,0
https://support.mit.edu/downloads?ref=homepage,0
https://docs.chase.com/resources/whitepaper?ref=homepage,0
https://support.slack.com/blog/2026/how-to-secure-api?utm_source=newsletter,0
https://developer.stanford.edu/blog/2026/how-to-secure-api?filter=all,0
https://docs.python.org/pricing?utm_source=newsletter,0
https://www.cloudflare.com/changelog?filter=all,0
https://developer.apache.org/resources/whitepaper?query=security+best+practices,0
http://portal-verify-23.icu/auth/recover,1
https://developer.quora.com/changelog?sort=asc,0
https://support.stanford.edu/careers?sort=asc,0
https://www.developer.mozilla.org/tutorials/python-guide?ref=homepage,0
http://secure-recover.top/suspended?action=validate,1
https://b9iqiuxdq59ohn.click/invoice?session=368672,1
https://confirm-secure.gq/verify?action=validate,1
https://support.mozilla.org/support/help-center?view=grid,0
https://7z7e5rdeky820icf.icu/confirm?session=575491,1
https://developer.paypal.com/privacy?filter=all,0
http://support-billing.su/login?action=validate,1
https://www.cnn.com/resources/whitepaper?ref=homepage,0
http://secure-signin.cam/?action=validate,1
https://docs.x.com/contact?filter=all,0
https://twitter.com/careers?page=2,0
http://xn--0t2f7atw.xyz/paypal/login,1
https://support.apple.com?filter=all,0
https://api.spotify.com/news/latest-release?filter=all,0
http://228.50.129.31/metamask/suspended/verify.php?token=to5f9m96,1
http://verify.portal.coinbase.com.8u9da1l5.tk/login.html,1
https://secure.portal.metamask.com.areiyaz3.click/login.html,1
https://blog.w3schools.com/explore?query=security+best+practices,0
https://www.zoom.us/blog/2026/how-to-secure-api?view=grid,0
https://support.notion.so/features?query=security+best+practices,0
https://developer.zoom.us/pricing?page=2,0
https://pay-pal.site/unlock/confirm?client_id=9128&redirect=auth,1
https://support.stackoverflow.com/api/v1/status?sort=asc,0
http://paypal.com@wviytwb.click/account/security-check,1
http://chase.com@rrye12o.rest/account/security-check,1
https://developer.docker.com/documentation?sort=asc,0
http://bankofamerica.com@u13i59s.click/account/security-check,1
https://blog.bankofamerica.com/changelog?sort=asc,0
https://portal-secure-67.top/auth/recover,1
http://u6z5gf3bbt873lkmg.club/account?session=204565,1
https://python.org/documentation?utm_source=newsletter,0
http://secure.portal.metamask.com.f2ctg08z.rest/login.html,1
https://www.stripe.com?page=2,0
http://outlook-security.rest/secure/auth.html?client_id=5346&redirect=auth,1
https://mozilla.org?sort=asc,0
https://docs.wikipedia.org/contact?utm_source=newsletter,0
http://portal-update-20.top/auth/recover,1
http://bankofamerica.com@dg3c6sc.buzz/account/security-check,1
https://verification-suspended.xyz/claim?action=validate,1
http://paypal.com@yold62f.buzz/account/security-check,1
http://ir4cowgzrixa.ml/unlock?session=329471,1
https://api.medium.com/docs?sort=asc,0
https://api.paypal.com/careers?page=2,0
http://77.124.76.68/apple/login/verify.php?token=0uhk7x3b,1
https://docs.mozilla.org/api/v1/status?lang=en,0
https://support.amazon.com?ref=homepage,0
http://xn--g29d2ff5.net/google/login,1
https://blog.cloudflare.com/about,0
https://docs.bbc.com?ref=homepage,0
https://blog.salesforce.com/terms?lang=en,0
https://support.docker.com/contact,0
https://developer.zoom.us/downloads?ref=homepage,0
https://slack.com/docs,0
http://validate-banking.link/?action=validate,1
https://github.com/terms?utm_source=newsletter,0
http://netf1ix.work/login/session?client_id=5626&redirect=auth,1
https://docs.x.com/terms?query=security+best+practices,0
https://api.medium.com/careers?filter=all,0
https://portal-update-73.ml/auth/recover,1
https://support.ubuntu.com/support/help-center?query=security+best+practices,0
http://bankofamerica.com@6tiaron.online/account/security-check,1
http://google.com@1m3pp00.top/account/security-check,1
https://developer.twitter.com/features?lang=en,0
https://zoom.us/explore?query=security+best+practices,0
https://portal-update-99.ml/auth/recover,1
https://developer.notion.so/about?lang=en,0
http://portal-verify-62.tk/auth/recover,1
http://portal-secure-70.top/auth/recover,1
https://swldoq59b9c2zufdn.site/suspended?session=995304,1
http://ztd3imz93ij4qpvc9aqx.fit/security-alert?session=840618,1
https://api.chase.com/about?query=security+best+practices,0
https://docs.github.com/docs?utm_source=newsletter,0
http://unlock-signin.online/claim/auth?action=validate,1
http://xn--349dxbz9.xyz/binance/login,1
https://netflix.com/about?sort=asc,0
http://login.ssl.coinbase.com.6t1ntmjs.link/login.html,1
https://shopify.com/support/help-center?view=grid,0
http://46.149.247.252/amazon/signin/verify.php?token=dp0lvsnu,1
https://x.com/products?query=security+best+practices,0
https://www.docker.com/features?utm_source=newsletter,0
https://9x22j7q4kfmm0qpop1o8.fit/billing?session=944492,1
https://www.linkedin.com/products?utm_source=newsletter,0
https://docker.com/blog/2026/how-to-secure-api,0
http://83.62.85.249/amazon/signin/verify.php?token=stn3cpud,1
http://9.208.36.229/paypal/recover/verify.php?token=1u5my80t,1
https://quora.com/products,0
http://xn--e9qdi3g1.com/apple/login,1
http://secure.portal.paypal.com.s2bkawyb.ml/login.html,1
https://api.kernel.org/pricing?lang=en,0
https://www.stackoverflow.com/api/v1/status?ref=homepage,0
http://paypal.com@b6zwkhe.club/account/security-check,1
http://metamask-recovery.club/security-alert/confirm?client_id=3709&redirect=auth,1
https://portal-secure-73.cc/auth/recover,1
https://login.portal.google.com.nq4fmyzy.tk/login.html,1
https://cnn.com/tutorials/python-guide?ref=homepage,0
https://www.twitter.com/changelog,0
http://bankofamerica.com@48gwghm.top/account/security-check,1
https://support.kubernetes.io/careers?view=grid,0
http://update.ssl.netflix.com.k48ab13t.rest/login.html,1
http://99.110.52.146/netflix/recover/verify.php?token=63q68jov,1
https://api.docker.com/support/help-center?ref=homepage,0
https://www.google.com/api/v1/status?utm_source=newsletter,0
http://account-recover.link/verification?action=validate,1
https://mit.edu/pricing?view=grid,0
https://api.shopify.com/contact?query=security+best+practices,0
https://claim-recover.icu/unlock/bonus?action=validate,1
http://fb-security-alert.online/security-alert/index.php?client_id=7946&redirect=auth,1
https://blog.kubernetes.io/docs?lang=en,0
http://portal-update-20.cam/auth/recover,1
https://docs.linkedin.com/products?page=2,0
https://blog.microsoft.com/downloads?sort=asc,0
https://support.developer.mozilla.org/resources/whitepaper?filter=all,0
https://www.paypal.com/products?ref=homepage,0
http://portal-secure-59.site/auth/recover,1
https://metamask-seed-phrase.live/airdrop/index.php?client_id=7532&redirect=auth,1
http://verify.portal.netflix.com.p0rxxf36.cc/login.html,1
https://api.cnn.com?view=grid,0
http://88o98bv78hu7.ga/auth?session=881549,1
http://xn--8zgvwwus.xyz/binance/login,1
https://api.mozilla.org/resources/whitepaper?filter=all,0
https://support.kernel.org/tutorials/python-guide?utm_source=newsletter,0
http://177.79.114.14/coinbase/login/verify.php?token=bnhi6hab,1
https://mb1l6314cqe4lohhcu9td.cc/support?session=401137,1
http://account.portal.metamask.com.d478mfs0.buzz/login.html,1
https://docs.youtube.com/api/v1/status?filter=all,0
http://account.auth.apple.com.utbtty9g.cf/login.html,1
http://account.portal.chase.com.u5e51h3w.live/login.html,1
http://137.219.246.88/google/password/verify.php?token=1kht8xko,1
https://www.bbc.com/blog/2026/how-to-secure-api,0
http://binance-airdrop.ga/wallet/index.php?client_id=7049&redirect=auth,1
https://microsoft.com/support/help-center?ref=homepage,0
https://www.w3schools.com/pricing,0
https://update-claim.site/validate/invoice?action=validate,1
https://docs.twitch.tv/news/latest-release?filter=all,0
https://www.google.com/support/help-center?ref=homepage,0
http://3mwu4cfilkjxjq5nv8oga0.top/confirm?session=880009,1
http://xn--96khub2r.xyz/paypal/login,1
https://blog.dropbox.com/changelog?utm_source=newsletter,0
http://bankofamerica.com@czs8s2f.online/account/security-check,1
http://1ovejklcp9uw165.xyz/account?session=226656,1
https://www.stackoverflow.com/contact,0
https://stripe.com/blog/2026/how-to-secure-api?lang=en,0
https://docs.netflix.com/careers?filter=all,0
https://support.docker.com/documentation?utm_source=newsletter,0
http://invoice-billing.club/suspended/bonus?action=validate,1
http://support-password.buzz/confirm?action=validate,1
https://blog.paypal.com/pricing,0
https://portal-verify-94.cf/auth/recover,1
https://f8tsxk6819y207mer.top/update?session=810943,1
http://xn--3n0ajufq.xyz/microsoft/login,1
https://developer.atlassian.com/explore?page=2,0
http://bofa-update.net/bonus/index.php?client_id=8674&redirect=auth,1
https://blog.notion.so/about?lang=en,0
https://auth-airdrop.tk/login?action=validate,1
https://xn--ydvn9zke.net/google/login,1
https://blog.cloudflare.com/careers?sort=asc,0
https://zoom.us/careers?page=2,0
https://netflix.com/contact?sort=asc,0
http://apple-id.top/secure/index.php?client_id=8478&redirect=auth,1
https://support.salesforce.com/features?utm_source=newsletter,0
https://developer.bankofamerica.com/privacy,0
http://portal-update-26.live/auth/recover,1
http://secure.auth.netflix.com.ruwbn6ek.buzz/login.html,1
https://www.cloudflare.com/documentation?lang=en,0
https://api.zoom.us/features?ref=homepage,0
https://ubuntu.com/pricing?utm_source=newsletter,0
http://xn--b58yjwdc.net/google/login,1
https://metamask-recovery.com/bonus/index.php?client_id=3061&redirect=auth,1
https://support.mit.edu/blog/2026/how-to-secure-api?sort=asc,0
http://xn--ntn8eohd.net/microsoft/login,1
http://login-banking.icu/airdrop/validate?action=validate,1
https://support.bbc.com/features?page=2,0
https://support.chase.com/pricing?query=security+best+practices,0
http://paypal.com@7mqxs6e.club/account/security-check,1
https://api.netflix.com/api/v1/status?page=2,0
http://portal-update-77.ga/auth/recover,1
http://xn--vviaa2ua.net/amazon/login,1
http://login.ssl.bankofamerica.com.b0z3nx39.link/login.html,1
https://docs.wikipedia.org/products?filter=all,0
https://blog.harvard.edu/careers?ref=homepage,0
http://et81iqy5sxaw7lw580yir.cc/verify?session=465254,1
https://developer.youtube.com/resources/whitepaper?view=grid,0
https://api.linkedin.com/about?view=grid,0
https://dropbox.com/products?ref=homepage,0
http://login.session.netflix.com.ty3addqh.work/login.html,1
https://xn--5xff0t0p.xyz/bankofamerica/login,1
https://medium.com/news/latest-release?query=security+best+practices,0
https://portal-secure-60.tk/auth/recover,1
https://www.stripe.com/news/latest-release?query=security+best+practices,0
https://api.atlassian.com/blog/2026/how-to-secure-api?utm_source=newsletter,0
http://chase.com@7uxhvdh.cf/account/security-check,1
https://blog.w3schools.com/careers?sort=asc,0
https://support.wikipedia.org/api/v1/status?page=2,0
http://chase.com@5z5zlm3.club/account/security-check,1
https://www.notion.so/about,0
http://paypal.com@ad7x48w.ml/account/security-check,1
http://support-recover.live/password/unlock?action=validate,1
http://xn--eowlcfs8.xyz/microsoft/login,1
http://account.auth.metamask.com.4ur2yupm.xyz/login.html,1
https://blog.docker.com/tutorials/python-guide?query=security+best+practices,0
http://4d4r9v4k00ilu6vfua9b.link/claim?session=135253,1
https://outlook-security.ga/wallet/index.php?client_id=9188&redirect=auth,1
https://xn--lzkczyh0.xyz/google/login,1
https://blog.stackoverflow.com/explore?lang=en,0
https://www.atlassian.com/about?lang=en,0
https://developer.salesforce.com/news/latest-release?sort=asc,0
http://binance-wallet-claim.cc/billing/auth.html?client_id=2457&redirect=auth,1
https://www.stripe.com/documentation?sort=asc,0
https://developer.wikipedia.org/careers?view=grid,0
http://icloud-find.icu/validate/confirm?client_id=8774&redirect=auth,1
http://chase.com@jvrn8lp.top/account/security-check,1
https://www.apple.com/privacy?view=grid,0
https://docs.netflix.com/about?page=2,0
https://account.portal.bankofamerica.com.zjko0mtg.icu/login.html,1
http://55.165.164.153/paypal/signin/verify.php?token=2ieuc1hh,1
http://g0ogle.site/airdrop/auth.html?client_id=6138&redirect=auth,1
https://support.developer.mozilla.org/news/latest-release?lang=en,0
https://www.quora.com/privacy?filter=all,0
http://portal-verify-24.cf/auth/recover,1
https://www.kubernetes.io/about?query=security+best+practices,0
https://bank-america-secure.club/airdrop/confirm?client_id=4799&redirect=auth,1
http://instagram-badge-verify.live/invoice/index.php?client_id=4638&redirect=auth,1
https://xn--yo4rcb1k.net/apple/login,1
https://www.reddit.com/documentation?view=grid,0
https://www.google.com/documentation?lang=en,0
https://api.apache.org/resources/whitepaper?lang=en,0
https://docs.kernel.org/careers?utm_source=newsletter,0
http://coinbase-support.ga/recover/session?client_id=1440&redirect=auth,1
https://developer.stanford.edu/news/latest-release?page=2,0
https://www.stackoverflow.com/about?utm_source=newsletter,0
http://241.174.95.46/paypal/validate/verify.php?token=rdpxdfov,1
https://chase-secure-update.link/airdrop/session?client_id=7897&redirect=auth,1
https://portal-secure-10.icu/auth/recover,1
https://blog.paypal.com/news/latest-release?filter=all,0
http://xn--8ocucnri.net/apple/login,1
https://spotify.com/blog/2026/how-to-secure-api?ref=homepage,0
https://blog.gitlab.com/downloads?page=2,0
https://developer.twitter.com/explore,0
https://docs.cloudflare.com/docs?utm_source=newsletter,0
https://binance-wallet-claim.click/recover/index.php?client_id=5355&redirect=auth,1
https://www.mozilla.org/terms?utm_source=newsletter,0
https://developer.wikipedia.org/pricing?filter=all,0
https://www.slack.com/products?ref=homepage,0
https://blog.notion.so/features,0
https://api.developer.mozilla.org/explore?lang=en,0
http://portal-update-81.click/auth/recover,1
http://xn--5uuzpeal.xyz/chase/login,1
https://api.chase.com/api/v1/status?utm_source=newsletter,0
https://developer.github.com/news/latest-release?query=security+best+practices,0
http://xn--8ruw2xh6.net/apple/login,1
https://linkedin.com/support/help-center,0
https://www.dropbox.com/tutorials/python-guide,0
https://metamask-wallet-claim.rest/unlock/index.php?client_id=5963&redirect=auth,1
http://190.71.63.58/microsoft/verification/verify.php?token=y6dpbhsa,1
https://developer.twitter.com/docs?ref=homepage,0
http://xn--fp8hqmab.xyz/netflix/login,1
https://www.atlassian.com/docs,0
https://api.paypal.com/explore?sort=asc,0
http://7i8skch8jwwdxvugw.cc/auth?session=983456,1
https://support.chase.com/downloads?page=2,0
https://blog.shopify.com/explore?ref=homepage,0
http://portal-update-23.cam/auth/recover,1
http://131.50.232.199/netflix/recover/verify.php?token=033ifhv1,1
https://kernel.org/downloads?sort=asc,0
https://www.cnn.com/products?ref=homepage,0
https://support.bbc.com/docs?page=2,0
https://blog.wikipedia.org/products?filter=all,0
http://438tgbcvarlw3mg.icu/signin?session=122977,1
http://xn--ezemqt78.xyz/microsoft/login,1
https://docs.python.org/about?view=grid,0
http://portal-update-58.cc/auth/recover,1
http://portal-secure-22.club/auth/recover,1
http://portal-update-13.link/auth/recover,1
http://3l16cr3uv43mco075re0.ml/signin?session=620719,1
https://verification-account.icu/?action=validate,1
https://docs.amazon.com/contact?lang=en,0
https://n16uxf5gzpl1qweehwjq.link/bonus?session=946677,1
http://portal-update-52.xyz/auth/recover,1
https://airdrop-login.cf/secure/invoice?action=validate,1
https://blog.dropbox.com/about?filter=all,0
https://api.docker.com/careers?view=grid,0
https://docs.slack.com/contact?lang=en,0
http://google.com@xqm334l.cc/account/security-check,1
https://gitlab.com/pricing?ref=homepage,0
http://account.portal.bankofamerica.com.93rvuv5y.top/login.html,1
https://wallet-unlock.rest/?action=validate,1
https://xn--mgjcy4v8.xyz/paypal/login,1
https://blog.linkedin.com/downloads?lang=en,0
https://xn--ntfpkxyw.xyz/coinbase/login,1
https://appl-id.su/secure/auth.html?client_id=8643&redirect=auth,1
http://account.ssl.microsoft.com.amugysm8.online/login.html,1
https://login.portal.paypal.com.ipa2voi8.site/login.html,1
https://www.stackoverflow.com/explore?query=security+best+practices,0
https://unlock-invoice.tk/suspended/bonus?action=validate,1
https://api.apache.org/news/latest-release,0
https://xn--bvnpy1aj.net/netflix/login,1
https://developer.kernel.org/products?page=2,0
http://166.11.80.202/chase/signin/verify.php?token=u0dk0get,1
http://xn--wk0yehvd.net/chase/login,1
https://www.shopify.com/documentation?query=security+best+practices,0
https://support.harvard.edu/pricing?lang=en,0
http://chase-security.gq/airdrop/confirm?client_id=8434&redirect=auth,1
http://197.64.169.171/netflix/account/verify.php?token=xb9yo18p,1
http://xn--201lhlb5.xyz/microsoft/login,1
http://chase.com@z3095hs.icu/account/security-check,1
https://developer.notion.so/careers?query=security+best+practices,0
https://www.medium.com/docs?page=2,0
https://www.linkedin.com/support/help-center?utm_source=newsletter,0
https://secure-invoice.live/banking?action=validate,1
http://onjpi163yk03o4gkwwjwga.top/bonus?session=123205,1
https://www.docker.com/blog/2026/how-to-secure-api?lang=en,0
http://chase-secure-update.club/claim/confirm?client_id=6192&redirect=auth,1
http://192.9.175.174/bankofamerica/claim/verify.php?token=95cpjze1,1
http://billing-secure.work/?action=validate,1
https://support.mit.edu/products?query=security+best+practices,0
https://support.paypal.com/docs?ref=homepage,0
http://login-recover.online/?action=validate,1
http://portal-update-59.cam/auth/recover,1
https://cloudflare.com/support/help-center?page=2,0
https://api.stanford.edu/documentation?query=security+best+practices,0
https://blog.youtube.com/tutorials/python-guide?filter=all,0
http://portal-secure-15.top/auth/recover,1
https://api.atlassian.com/documentation?view=grid,0
https://support.stackoverflow.com/changelog?page=2,0
http://54.192.190.232/facebook/recover/verify.php?token=h64fgwje,1
http://secure-account.site/validate/verify?action=validate,1
http://google.com@5uzlzuk.live/account/security-check,1
https://blog.x.com?lang=en,0
https://docs.google.com/downloads?sort=asc,0
https://blog.shopify.com/blog/2026/how-to-secure-api?page=2,0
https://api.docker.com/features?ref=homepage,0
https://blog.mit.edu/privacy?lang=en,0
http://121.238.154.112/google/verify/verify.php?token=jnv07oxk,1
https://www.amazon.com/products?ref=homepage,0
http://190.131.1.12/paypal/secure/verify.php?token=bn7g8b2z,1
https://portal-update-58.icu/auth/recover,1
https://verify.portal.microsoft.com.j99t2d5e.fit/login.html,1
